MunicipalityCode,AgeGroup,Count
1440,Ald0_5,2485
1440,Ald6_9,1761
1440,Ald10_15,2394
1440,Ald16_19,1479
1440,Ald20_24,1657
1440,Ald25_29,1969
1440,Ald30_34,1988
1440,Ald35_39,2051
1440,Ald40_44,2245
1440,Ald45_49,2175
1440,Ald50_54,2125
1440,Ald55_59,1701
1440,Ald60_64,1431
1440,Ald65_69,1448
1440,Ald70_74,1637
1440,Ald75_79,1156
1440,Ald80_w,1208
1489,Ald0_5,2901
1489,Ald6_9,2119
1489,Ald10_15,3065
1489,Ald16_19,1777
1489,Ald20_24,2187
1489,Ald25_29,2569
1489,Ald30_34,2459
1489,Ald35_39,2393
1489,Ald40_44,2549
1489,Ald45_49,2646
1489,Ald50_54,2603
1489,Ald55_59,2299
1489,Ald60_64,2389
1489,Ald65_69,2385
1489,Ald70_74,2540
1489,Ald75_79,1806
1489,Ald80_w,2345
764,Ald0_5,1609
764,Ald6_9,1056
764,Ald10_15,1551
764,Ald16_19,959
764,Ald20_24,936
764,Ald25_29,1153
764,Ald30_34,1215
764,Ald35_39,1149
764,Ald40_44,1270
764,Ald45_49,1118
764,Ald50_54,1276
764,Ald55_59,1167
764,Ald60_64,1187
764,Ald65_69,1278
764,Ald70_74,1144
764,Ald75_79,824
764,Ald80_w,1233
604,Ald0_5,528
604,Ald6_9,344
604,Ald10_15,447
604,Ald16_19,310
604,Ald20_24,327
604,Ald25_29,455
604,Ald30_34,406
604,Ald35_39,351
604,Ald40_44,361
604,Ald45_49,361
604,Ald50_54,476
604,Ald55_59,446
604,Ald60_64,514
604,Ald65_69,429
604,Ald70_74,399
604,Ald75_79,294
604,Ald80_w,382
1984,Ald0_5,913
1984,Ald6_9,589
1984,Ald10_15,903
1984,Ald16_19,686
1984,Ald20_24,770
1984,Ald25_29,887
1984,Ald30_34,747
1984,Ald35_39,718
1984,Ald40_44,734
1984,Ald45_49,823
1984,Ald50_54,1000
1984,Ald55_59,939
1984,Ald60_64,821
1984,Ald65_69,877
1984,Ald70_74,1026
1984,Ald75_79,769
1984,Ald80_w,913
2506,Ald0_5,145
2506,Ald6_9,116
2506,Ald10_15,148
2506,Ald16_19,111
2506,Ald20_24,125
2506,Ald25_29,139
2506,Ald30_34,173
2506,Ald35_39,142
2506,Ald40_44,130
2506,Ald45_49,163
2506,Ald50_54,213
2506,Ald55_59,186
2506,Ald60_64,218
2506,Ald65_69,178
2506,Ald70_74,220
2506,Ald75_79,162
2506,Ald80_w,224
2505,Ald0_5,391
2505,Ald6_9,248
2505,Ald10_15,384
2505,Ald16_19,260
2505,Ald20_24,300
2505,Ald25_29,433
2505,Ald30_34,344
2505,Ald35_39,323
2505,Ald40_44,329
2505,Ald45_49,334
2505,Ald50_54,409
2505,Ald55_59,427
2505,Ald60_64,440
2505,Ald65_69,422
2505,Ald70_74,441
2505,Ald75_79,358
2505,Ald80_w,489
1784,Ald0_5,1731
1784,Ald6_9,1117
1784,Ald10_15,1611
1784,Ald16_19,1098
1784,Ald20_24,1323
1784,Ald25_29,1545
1784,Ald30_34,1454
1784,Ald35_39,1385
1784,Ald40_44,1393
1784,Ald45_49,1589
1784,Ald50_54,1822
1784,Ald55_59,1597
1784,Ald60_64,1679
1784,Ald65_69,1787
1784,Ald70_74,1782
1784,Ald75_79,1258
1784,Ald80_w,1901
1882,Ald0_5,651
1882,Ald6_9,476
1882,Ald10_15,719
1882,Ald16_19,466
1882,Ald20_24,519
1882,Ald25_29,595
1882,Ald30_34,537
1882,Ald35_39,554
1882,Ald40_44,579
1882,Ald45_49,609
1882,Ald50_54,791
1882,Ald55_59,817
1882,Ald60_64,802
1882,Ald65_69,887
1882,Ald70_74,916
1882,Ald75_79,660
1882,Ald80_w,727
2084,Ald0_5,1610
2084,Ald6_9,1067
2084,Ald10_15,1493
2084,Ald16_19,931
2084,Ald20_24,1178
2084,Ald25_29,1499
2084,Ald30_34,1360
2084,Ald35_39,1237
2084,Ald40_44,1284
2084,Ald45_49,1398
2084,Ald50_54,1548
2084,Ald55_59,1426
2084,Ald60_64,1549
2084,Ald65_69,1520
2084,Ald70_74,1542
2084,Ald75_79,1156
2084,Ald80_w,1498
1460,Ald0_5,535
1460,Ald6_9,417
1460,Ald10_15,653
1460,Ald16_19,365
1460,Ald20_24,502
1460,Ald25_29,558
1460,Ald30_34,470
1460,Ald35_39,440
1460,Ald40_44,485
1460,Ald45_49,564
1460,Ald50_54,707
1460,Ald55_59,651
1460,Ald60_64,638
1460,Ald65_69,796
1460,Ald70_74,770
1460,Ald75_79,490
1460,Ald80_w,797
2326,Ald0_5,455
2326,Ald6_9,277
2326,Ald10_15,490
2326,Ald16_19,292
2326,Ald20_24,307
2326,Ald25_29,385
2326,Ald30_34,395
2326,Ald35_39,308
2326,Ald40_44,336
2326,Ald45_49,343
2326,Ald50_54,492
2326,Ald55_59,470
2326,Ald60_64,529
2326,Ald65_69,532
2326,Ald70_74,568
2326,Ald75_79,384
2326,Ald80_w,532
2403,Ald0_5,134
2403,Ald6_9,114
2403,Ald10_15,164
2403,Ald16_19,114
2403,Ald20_24,127
2403,Ald25_29,137
2403,Ald30_34,134
2403,Ald35_39,93
2403,Ald40_44,116
2403,Ald45_49,127
2403,Ald50_54,157
2403,Ald55_59,150
2403,Ald60_64,153
2403,Ald65_69,171
2403,Ald70_74,176
2403,Ald75_79,137
2403,Ald80_w,245
1260,Ald0_5,1140
1260,Ald6_9,831
1260,Ald10_15,1242
1260,Ald16_19,765
1260,Ald20_24,839
1260,Ald25_29,921
1260,Ald30_34,870
1260,Ald35_39,907
1260,Ald40_44,1031
1260,Ald45_49,1086
1260,Ald50_54,1146
1260,Ald55_59,982
1260,Ald60_64,861
1260,Ald65_69,775
1260,Ald70_74,852
1260,Ald75_79,592
1260,Ald80_w,645
2582,Ald0_5,1690
2582,Ald6_9,1137
2582,Ald10_15,1728
2582,Ald16_19,1261
2582,Ald20_24,1559
2582,Ald25_29,1874
2582,Ald30_34,1596
2582,Ald35_39,1487
2582,Ald40_44,1557
2582,Ald45_49,1717
2582,Ald50_54,1914
2582,Ald55_59,1727
2582,Ald60_64,1868
2582,Ald65_69,1883
2582,Ald70_74,1968
2582,Ald75_79,1314
2582,Ald80_w,1763
1443,Ald0_5,691
1443,Ald6_9,546
1443,Ald10_15,758
1443,Ald16_19,418
1443,Ald20_24,399
1443,Ald25_29,469
1443,Ald30_34,539
1443,Ald35_39,613
1443,Ald40_44,617
1443,Ald45_49,680
1443,Ald50_54,641
1443,Ald55_59,570
1443,Ald60_64,531
1443,Ald65_69,555
1443,Ald70_74,567
1443,Ald75_79,381
1443,Ald80_w,444
2183,Ald0_5,1795
2183,Ald6_9,1234
2183,Ald10_15,1771
2183,Ald16_19,1132
2183,Ald20_24,1372
2183,Ald25_29,1658
2183,Ald30_34,1482
2183,Ald35_39,1421
2183,Ald40_44,1444
2183,Ald45_49,1571
2183,Ald50_54,1818
2183,Ald55_59,1680
2183,Ald60_64,1741
2183,Ald65_69,1783
2183,Ald70_74,1959
2183,Ald75_79,1337
2183,Ald80_w,1775
885,Ald0_5,498
885,Ald6_9,371
885,Ald10_15,616
885,Ald16_19,438
885,Ald20_24,401
885,Ald25_29,452
885,Ald30_34,461
885,Ald35_39,465
885,Ald40_44,497
885,Ald45_49,580
885,Ald50_54,695
885,Ald55_59,774
885,Ald60_64,866
885,Ald65_69,967
885,Ald70_74,1078
885,Ald75_79,782
885,Ald80_w,923
2081,Ald0_5,3933
2081,Ald6_9,2591
2081,Ald10_15,3947
2081,Ald16_19,2498
2081,Ald20_24,3239
2081,Ald25_29,3833
2081,Ald30_34,3398
2081,Ald35_39,2996
2081,Ald40_44,2922
2081,Ald45_49,3101
2081,Ald50_54,3476
2081,Ald55_59,2929
2081,Ald60_64,2958
2081,Ald65_69,2736
2081,Ald70_74,2823
2081,Ald75_79,2062
2081,Ald80_w,2697
1490,Ald0_5,8172
1490,Ald6_9,5566
1490,Ald10_15,7829
1490,Ald16_19,5049
1490,Ald20_24,7212
1490,Ald25_29,8657
1490,Ald30_34,7617
1490,Ald35_39,6889
1490,Ald40_44,6771
1490,Ald45_49,6908
1490,Ald50_54,7559
1490,Ald55_59,6419
1490,Ald60_64,5885
1490,Ald65_69,5591
1490,Ald70_74,5669
1490,Ald75_79,4289
1490,Ald80_w,5964
127,Ald0_5,7599
127,Ald6_9,5238
127,Ald10_15,7351
127,Ald16_19,4575
127,Ald20_24,6071
127,Ald25_29,6694
127,Ald30_34,6485
127,Ald35_39,6861
127,Ald40_44,6848
127,Ald45_49,6509
127,Ald50_54,6289
127,Ald55_59,5130
127,Ald60_64,4422
127,Ald65_69,3665
127,Ald70_74,3750
127,Ald75_79,2600
127,Ald80_w,2757
560,Ald0_5,367
560,Ald6_9,237
560,Ald10_15,315
560,Ald16_19,253
560,Ald20_24,270
560,Ald25_29,299
560,Ald30_34,299
560,Ald35_39,247
560,Ald40_44,272
560,Ald45_49,345
560,Ald50_54,407
560,Ald55_59,350
560,Ald60_64,375
560,Ald65_69,387
560,Ald70_74,411
560,Ald75_79,279
560,Ald80_w,336
1272,Ald0_5,855
1272,Ald6_9,633
1272,Ald10_15,990
1272,Ald16_19,593
1272,Ald20_24,584
1272,Ald25_29,653
1272,Ald30_34,718
1272,Ald35_39,716
1272,Ald40_44,750
1272,Ald45_49,841
1272,Ald50_54,911
1272,Ald55_59,755
1272,Ald60_64,744
1272,Ald65_69,874
1272,Ald70_74,840
1272,Ald75_79,637
1272,Ald80_w,772
2305,Ald0_5,374
2305,Ald6_9,249
2305,Ald10_15,398
2305,Ald16_19,304
2305,Ald20_24,280
2305,Ald25_29,303
2305,Ald30_34,295
2305,Ald35_39,242
2305,Ald40_44,289
2305,Ald45_49,430
2305,Ald50_54,507
2305,Ald55_59,445
2305,Ald60_64,483
2305,Ald65_69,464
2305,Ald70_74,527
2305,Ald75_79,352
2305,Ald80_w,431
1231,Ald0_5,1512
1231,Ald6_9,1035
1231,Ald10_15,1408
1231,Ald16_19,880
1231,Ald20_24,973
1231,Ald25_29,1080
1231,Ald30_34,1170
1231,Ald35_39,1348
1231,Ald40_44,1253
1231,Ald45_49,1196
1231,Ald50_54,1202
1231,Ald55_59,1067
1231,Ald60_64,952
1231,Ald65_69,888
1231,Ald70_74,853
1231,Ald75_79,703
1231,Ald80_w,808
1278,Ald0_5,790
1278,Ald6_9,621
1278,Ald10_15,929
1278,Ald16_19,590
1278,Ald20_24,621
1278,Ald25_29,696
1278,Ald30_34,631
1278,Ald35_39,710
1278,Ald40_44,836
1278,Ald45_49,854
1278,Ald50_54,1044
1278,Ald55_59,999
1278,Ald60_64,1040
1278,Ald65_69,1156
1278,Ald70_74,1281
1278,Ald75_79,933
1278,Ald80_w,1204
1438,Ald0_5,291
1438,Ald6_9,206
1438,Ald10_15,319
1438,Ald16_19,202
1438,Ald20_24,260
1438,Ald25_29,312
1438,Ald30_34,253
1438,Ald35_39,235
1438,Ald40_44,262
1438,Ald45_49,265
1438,Ald50_54,323
1438,Ald55_59,271
1438,Ald60_64,288
1438,Ald65_69,343
1438,Ald70_74,355
1438,Ald75_79,269
1438,Ald80_w,340
162,Ald0_5,2019
162,Ald6_9,1938
162,Ald10_15,3385
162,Ald16_19,1946
162,Ald20_24,1820
162,Ald25_29,1698
162,Ald30_34,1339
162,Ald35_39,1596
162,Ald40_44,2205
162,Ald45_49,2604
162,Ald50_54,2522
162,Ald55_59,1956
162,Ald60_64,1598
162,Ald65_69,1385
162,Ald70_74,1728
162,Ald75_79,1380
162,Ald80_w,2038
1862,Ald0_5,538
1862,Ald6_9,390
1862,Ald10_15,613
1862,Ald16_19,455
1862,Ald20_24,468
1862,Ald25_29,521
1862,Ald30_34,422
1862,Ald35_39,431
1862,Ald40_44,544
1862,Ald45_49,620
1862,Ald50_54,737
1862,Ald55_59,656
1862,Ald60_64,620
1862,Ald65_69,698
1862,Ald70_74,764
1862,Ald75_79,532
1862,Ald80_w,654
2425,Ald0_5,127
2425,Ald6_9,117
2425,Ald10_15,139
2425,Ald16_19,102
2425,Ald20_24,109
2425,Ald25_29,120
2425,Ald30_34,132
2425,Ald35_39,110
2425,Ald40_44,113
2425,Ald45_49,138
2425,Ald50_54,142
2425,Ald55_59,174
2425,Ald60_64,241
2425,Ald65_69,195
2425,Ald70_74,201
2425,Ald75_79,148
2425,Ald80_w,260
1730,Ald0_5,602
1730,Ald6_9,412
1730,Ald10_15,496
1730,Ald16_19,313
1730,Ald20_24,397
1730,Ald25_29,565
1730,Ald30_34,532
1730,Ald35_39,447
1730,Ald40_44,427
1730,Ald45_49,523
1730,Ald50_54,595
1730,Ald55_59,602
1730,Ald60_64,584
1730,Ald65_69,568
1730,Ald70_74,557
1730,Ald75_79,375
1730,Ald80_w,573
125,Ald0_5,2202
125,Ald6_9,1862
125,Ald10_15,2789
125,Ald16_19,1497
125,Ald20_24,1141
125,Ald25_29,1012
125,Ald30_34,1269
125,Ald35_39,1743
125,Ald40_44,2137
125,Ald45_49,2461
125,Ald50_54,2163
125,Ald55_59,1756
125,Ald60_64,1417
125,Ald65_69,1238
125,Ald70_74,1464
125,Ald75_79,1058
125,Ald80_w,1075
686,Ald0_5,1244
686,Ald6_9,800
686,Ald10_15,1164
686,Ald16_19,814
686,Ald20_24,919
686,Ald25_29,1121
686,Ald30_34,1022
686,Ald35_39,927
686,Ald40_44,944
686,Ald45_49,1068
686,Ald50_54,1132
686,Ald55_59,1048
686,Ald60_64,1151
686,Ald65_69,1208
686,Ald70_74,1117
686,Ald75_79,813
686,Ald80_w,1166
862,Ald0_5,585
862,Ald6_9,369
862,Ald10_15,630
862,Ald16_19,426
862,Ald20_24,436
862,Ald25_29,467
862,Ald30_34,478
862,Ald35_39,461
862,Ald40_44,500
862,Ald45_49,552
862,Ald50_54,665
862,Ald55_59,659
862,Ald60_64,635
862,Ald65_69,644
862,Ald70_74,654
862,Ald75_79,524
862,Ald80_w,703
381,Ald0_5,3228
381,Ald6_9,2228
381,Ald10_15,3181
381,Ald16_19,2018
381,Ald20_24,2377
381,Ald25_29,2961
381,Ald30_34,2739
381,Ald35_39,2433
381,Ald40_44,2588
381,Ald45_49,2945
381,Ald50_54,3142
381,Ald55_59,2730
381,Ald60_64,2585
381,Ald65_69,2450
381,Ald70_74,2649
381,Ald75_79,1805
381,Ald80_w,2323
484,Ald0_5,7985
484,Ald6_9,5296
484,Ald10_15,7796
484,Ald16_19,5121
484,Ald20_24,6215
484,Ald25_29,7289
484,Ald30_34,6836
484,Ald35_39,6221
484,Ald40_44,6380
484,Ald45_49,6725
484,Ald50_54,7245
484,Ald55_59,6148
484,Ald60_64,5740
484,Ald65_69,5509
484,Ald70_74,5866
484,Ald75_79,4192
484,Ald80_w,5197
1285,Ald0_5,2555
1285,Ald6_9,1731
1285,Ald10_15,2557
1285,Ald16_19,1575
1285,Ald20_24,1872
1285,Ald25_29,2154
1285,Ald30_34,2090
1285,Ald35_39,1998
1285,Ald40_44,2177
1285,Ald45_49,2326
1285,Ald50_54,2398
1285,Ald55_59,2074
1285,Ald60_64,1752
1285,Ald65_69,1694
1285,Ald70_74,1715
1285,Ald75_79,1203
1285,Ald80_w,1638
1445,Ald0_5,404
1445,Ald6_9,282
1445,Ald10_15,373
1445,Ald16_19,236
1445,Ald20_24,256
1445,Ald25_29,320
1445,Ald30_34,292
1445,Ald35_39,299
1445,Ald40_44,289
1445,Ald45_49,348
1445,Ald50_54,390
1445,Ald55_59,369
1445,Ald60_64,351
1445,Ald65_69,434
1445,Ald70_74,398
1445,Ald75_79,256
1445,Ald80_w,366
1982,Ald0_5,953
1982,Ald6_9,676
1982,Ald10_15,947
1982,Ald16_19,574
1982,Ald20_24,673
1982,Ald25_29,871
1982,Ald30_34,787
1982,Ald35_39,720
1982,Ald40_44,719
1982,Ald45_49,867
1982,Ald50_54,937
1982,Ald55_59,798
1982,Ald60_64,774
1982,Ald65_69,788
1982,Ald70_74,845
1982,Ald75_79,608
1982,Ald80_w,896
1382,Ald0_5,3077
1382,Ald6_9,2139
1382,Ald10_15,2980
1382,Ald16_19,1963
1382,Ald20_24,2394
1382,Ald25_29,2777
1382,Ald30_34,2596
1382,Ald35_39,2420
1382,Ald40_44,2473
1382,Ald45_49,2640
1382,Ald50_54,2997
1382,Ald55_59,2752
1382,Ald60_64,2726
1382,Ald65_69,2954
1382,Ald70_74,2834
1382,Ald75_79,2069
1382,Ald80_w,2878
1499,Ald0_5,2462
1499,Ald6_9,1652
1499,Ald10_15,2450
1499,Ald16_19,1554
1499,Ald20_24,1802
1499,Ald25_29,2109
1499,Ald30_34,2050
1499,Ald35_39,1835
1499,Ald40_44,1853
1499,Ald45_49,1961
1499,Ald50_54,2204
1499,Ald55_59,1991
1499,Ald60_64,1966
1499,Ald65_69,1840
1499,Ald70_74,1858
1499,Ald75_79,1388
1499,Ald80_w,2153
2080,Ald0_5,4093
2080,Ald6_9,2938
2080,Ald10_15,4145
2080,Ald16_19,2566
2080,Ald20_24,3323
2080,Ald25_29,3838
2080,Ald30_34,3687
2080,Ald35_39,3518
2080,Ald40_44,3524
2080,Ald45_49,3588
2080,Ald50_54,3733
2080,Ald55_59,3344
2080,Ald60_64,3588
2080,Ald65_69,3647
2080,Ald70_74,3615
2080,Ald75_79,2410
2080,Ald80_w,3268
1782,Ald0_5,702
1782,Ald6_9,463
1782,Ald10_15,716
1782,Ald16_19,491
1782,Ald20_24,590
1782,Ald25_29,655
1782,Ald30_34,514
1782,Ald35_39,526
1782,Ald40_44,535
1782,Ald45_49,620
1782,Ald50_54,727
1782,Ald55_59,627
1782,Ald60_64,731
1782,Ald65_69,791
1782,Ald70_74,802
1782,Ald75_79,513
1782,Ald80_w,824
562,Ald0_5,1471
562,Ald6_9,1043
562,Ald10_15,1380
562,Ald16_19,952
562,Ald20_24,1068
562,Ald25_29,1287
562,Ald30_34,1204
562,Ald35_39,1177
562,Ald40_44,1203
562,Ald45_49,1385
562,Ald50_54,1526
562,Ald55_59,1341
562,Ald60_64,1337
562,Ald65_69,1417
562,Ald70_74,1464
562,Ald75_79,1058
562,Ald80_w,1424
482,Ald0_5,1100
482,Ald6_9,753
482,Ald10_15,1187
482,Ald16_19,830
482,Ald20_24,762
482,Ald25_29,849
482,Ald30_34,757
482,Ald35_39,756
482,Ald40_44,847
482,Ald45_49,949
482,Ald50_54,1102
482,Ald55_59,1081
482,Ald60_64,1115
482,Ald65_69,1250
482,Ald70_74,1321
482,Ald75_79,902
482,Ald80_w,1112
1763,Ald0_5,872
1763,Ald6_9,589
1763,Ald10_15,853
1763,Ald16_19,517
1763,Ald20_24,534
1763,Ald25_29,613
1763,Ald30_34,646
1763,Ald35_39,664
1763,Ald40_44,664
1763,Ald45_49,770
1763,Ald50_54,850
1763,Ald55_59,673
1763,Ald60_64,608
1763,Ald65_69,705
1763,Ald70_74,748
1763,Ald75_79,534
1763,Ald80_w,679
1439,Ald0_5,411
1439,Ald6_9,288
1439,Ald10_15,443
1439,Ald16_19,302
1439,Ald20_24,338
1439,Ald25_29,348
1439,Ald30_34,364
1439,Ald35_39,308
1439,Ald40_44,336
1439,Ald45_49,420
1439,Ald50_54,464
1439,Ald55_59,449
1439,Ald60_64,451
1439,Ald65_69,492
1439,Ald70_74,462
1439,Ald75_79,293
1439,Ald80_w,436
2026,Ald0_5,740
2026,Ald6_9,542
2026,Ald10_15,768
2026,Ald16_19,451
2026,Ald20_24,421
2026,Ald25_29,544
2026,Ald30_34,532
2026,Ald35_39,537
2026,Ald40_44,566
2026,Ald45_49,573
2026,Ald50_54,724
2026,Ald55_59,678
2026,Ald60_64,659
2026,Ald65_69,713
2026,Ald70_74,739
2026,Ald75_79,474
2026,Ald80_w,607
662,Ald0_5,2077
662,Ald6_9,1465
662,Ald10_15,2335
662,Ald16_19,1519
662,Ald20_24,1593
662,Ald25_29,1778
662,Ald30_34,1672
662,Ald35_39,1634
662,Ald40_44,1748
662,Ald45_49,2076
662,Ald50_54,2196
662,Ald55_59,1929
662,Ald60_64,1772
662,Ald65_69,1565
662,Ald70_74,1618
662,Ald75_79,1198
662,Ald80_w,1661
461,Ald0_5,801
461,Ald6_9,589
461,Ald10_15,862
461,Ald16_19,469
461,Ald20_24,485
461,Ald25_29,623
461,Ald30_34,600
461,Ald35_39,646
461,Ald40_44,720
461,Ald45_49,724
461,Ald50_54,769
461,Ald55_59,669
461,Ald60_64,651
461,Ald65_69,756
461,Ald70_74,786
461,Ald75_79,515
461,Ald80_w,561
617,Ald0_5,731
617,Ald6_9,450
617,Ald10_15,772
617,Ald16_19,478
617,Ald20_24,514
617,Ald25_29,601
617,Ald30_34,541
617,Ald35_39,590
617,Ald40_44,598
617,Ald45_49,663
617,Ald50_54,695
617,Ald55_59,573
617,Ald60_64,578
617,Ald65_69,570
617,Ald70_74,572
617,Ald75_79,327
617,Ald80_w,514
980,Ald0_5,3476
980,Ald6_9,2672
980,Ald10_15,3651
980,Ald16_19,2483
980,Ald20_24,3181
980,Ald25_29,3588
980,Ald30_34,3035
980,Ald35_39,3065
980,Ald40_44,3254
980,Ald45_49,3618
980,Ald50_54,4186
980,Ald55_59,3870
980,Ald60_64,4125
980,Ald65_69,4138
980,Ald70_74,4159
980,Ald75_79,3032
980,Ald80_w,3668
1764,Ald0_5,599
1764,Ald6_9,384
1764,Ald10_15,567
1764,Ald16_19,355
1764,Ald20_24,439
1764,Ald25_29,544
1764,Ald30_34,465
1764,Ald35_39,436
1764,Ald40_44,448
1764,Ald45_49,558
1764,Ald50_54,673
1764,Ald55_59,628
1764,Ald60_64,574
1764,Ald65_69,617
1764,Ald70_74,665
1764,Ald75_79,451
1764,Ald80_w,608
1444,Ald0_5,329
1444,Ald6_9,249
1444,Ald10_15,393
1444,Ald16_19,256
1444,Ald20_24,270
1444,Ald25_29,307
1444,Ald30_34,308
1444,Ald35_39,259
1444,Ald40_44,339
1444,Ald45_49,385
1444,Ald50_54,409
1444,Ald55_59,402
1444,Ald60_64,372
1444,Ald65_69,405
1444,Ald70_74,384
1444,Ald75_79,259
1444,Ald80_w,403
1447,Ald0_5,280
1447,Ald6_9,186
1447,Ald10_15,316
1447,Ald16_19,253
1447,Ald20_24,218
1447,Ald25_29,221
1447,Ald30_34,232
1447,Ald35_39,209
1447,Ald40_44,216
1447,Ald45_49,314
1447,Ald50_54,378
1447,Ald55_59,411
1447,Ald60_64,438
1447,Ald65_69,449
1447,Ald70_74,466
1447,Ald75_79,318
1447,Ald80_w,388
2523,Ald0_5,1108
2523,Ald6_9,683
2523,Ald10_15,980
2523,Ald16_19,681
2523,Ald20_24,803
2523,Ald25_29,1220
2523,Ald30_34,1106
2523,Ald35_39,955
2523,Ald40_44,857
2523,Ald45_49,988
2523,Ald50_54,1284
2523,Ald55_59,1271
2523,Ald60_64,1254
2523,Ald65_69,1178
2523,Ald70_74,1062
2523,Ald75_79,917
2523,Ald80_w,1269
2180,Ald0_5,6994
2180,Ald6_9,4825
2180,Ald10_15,6964
2180,Ald16_19,4512
2180,Ald20_24,6285
2180,Ald25_29,7459
2180,Ald30_34,6495
2180,Ald35_39,5902
2180,Ald40_44,6113
2180,Ald45_49,6527
2180,Ald50_54,6982
2180,Ald55_59,6149
2180,Ald60_64,5510
2180,Ald65_69,5422
2180,Ald70_74,5867
2180,Ald75_79,4133
2180,Ald80_w,5189
1480,Ald0_5,41687
1480,Ald6_9,25905
1480,Ald10_15,34889
1480,Ald16_19,22167
1480,Ald20_24,39674
1480,Ald25_29,57281
1480,Ald30_34,52030
1480,Ald35_39,42379
1480,Ald40_44,37068
1480,Ald45_49,34718
1480,Ald50_54,35395
1480,Ald55_59,31040
1480,Ald60_64,28421
1480,Ald65_69,25432
1480,Ald70_74,23843
1480,Ald75_79,16481
1480,Ald80_w,22306
1471,Ald0_5,828
1471,Ald6_9,619
1471,Ald10_15,918
1471,Ald16_19,617
1471,Ald20_24,607
1471,Ald25_29,659
1471,Ald30_34,666
1471,Ald35_39,702
1471,Ald40_44,700
1471,Ald45_49,873
1471,Ald50_54,951
1471,Ald55_59,899
1471,Ald60_64,910
1471,Ald65_69,918
1471,Ald70_74,972
1471,Ald75_79,618
1471,Ald80_w,775
643,Ald0_5,1183
643,Ald6_9,821
643,Ald10_15,1105
643,Ald16_19,560
643,Ald20_24,436
643,Ald25_29,583
643,Ald30_34,845
643,Ald35_39,847
643,Ald40_44,881
643,Ald45_49,779
643,Ald50_54,742
643,Ald55_59,616
643,Ald60_64,615
643,Ald65_69,611
643,Ald70_74,634
643,Ald75_79,425
643,Ald80_w,451
1783,Ald0_5,545
1783,Ald6_9,429
1783,Ald10_15,640
1783,Ald16_19,465
1783,Ald20_24,530
1783,Ald25_29,609
1783,Ald30_34,549
1783,Ald35_39,513
1783,Ald40_44,523
1783,Ald45_49,714
1783,Ald50_54,831
1783,Ald55_59,961
1783,Ald60_64,923
1783,Ald65_69,878
1783,Ald70_74,867
1783,Ald75_79,711
1783,Ald80_w,1001
1861,Ald0_5,1139
1861,Ald6_9,787
1861,Ald10_15,1142
1861,Ald16_19,700
1861,Ald20_24,802
1861,Ald25_29,922
1861,Ald30_34,958
1861,Ald35_39,921
1861,Ald40_44,902
1861,Ald45_49,1056
1861,Ald50_54,1081
1861,Ald55_59,974
1861,Ald60_64,954
1861,Ald65_69,1007
1861,Ald70_74,1031
1861,Ald75_79,722
1861,Ald80_w,847
1961,Ald0_5,1159
1961,Ald6_9,797
1961,Ald10_15,1063
1961,Ald16_19,712
1961,Ald20_24,860
1961,Ald25_29,1066
1961,Ald30_34,927
1961,Ald35_39,836
1961,Ald40_44,853
1961,Ald45_49,953
1961,Ald50_54,1152
1961,Ald55_59,1014
1961,Ald60_64,884
1961,Ald65_69,959
1961,Ald70_74,1078
1961,Ald75_79,802
1961,Ald80_w,1040
1380,Ald0_5,7037
1380,Ald6_9,4909
1380,Ald10_15,6901
1380,Ald16_19,4252
1380,Ald20_24,6565
1380,Ald25_29,7811
1380,Ald30_34,6703
1380,Ald35_39,5970
1380,Ald40_44,5916
1380,Ald45_49,6267
1380,Ald50_54,6627
1380,Ald55_59,5881
1380,Ald60_64,5512
1380,Ald65_69,5365
1380,Ald70_74,5588
1380,Ald75_79,4177
1380,Ald80_w,5664
1761,Ald0_5,1395
1761,Ald6_9,1028
1761,Ald10_15,1337
1761,Ald16_19,774
1761,Ald20_24,542
1761,Ald25_29,766
1761,Ald30_34,1018
1761,Ald35_39,1105
1761,Ald40_44,1185
1761,Ald45_49,1179
1761,Ald50_54,1135
1761,Ald55_59,941
1761,Ald60_64,927
1761,Ald65_69,905
1761,Ald70_74,881
1761,Ald75_79,596
1761,Ald80_w,761
136,Ald0_5,7469
136,Ald6_9,4855
136,Ald10_15,6804
136,Ald16_19,4185
136,Ald20_24,5383
136,Ald25_29,6995
136,Ald30_34,6526
136,Ald35_39,6446
136,Ald40_44,6384
136,Ald45_49,6303
136,Ald50_54,5976
136,Ald55_59,4876
136,Ald60_64,4003
136,Ald65_69,3704
136,Ald70_74,4124
136,Ald75_79,2952
136,Ald80_w,2846
2583,Ald0_5,556
2583,Ald6_9,435
2583,Ald10_15,650
2583,Ald16_19,443
2583,Ald20_24,418
2583,Ald25_29,503
2583,Ald30_34,427
2583,Ald35_39,489
2583,Ald40_44,475
2583,Ald45_49,515
2583,Ald50_54,626
2583,Ald55_59,695
2583,Ald60_64,737
2583,Ald65_69,859
2583,Ald70_74,805
2583,Ald75_79,526
2583,Ald80_w,606
331,Ald0_5,919
331,Ald6_9,644
331,Ald10_15,851
331,Ald16_19,638
331,Ald20_24,731
331,Ald25_29,898
331,Ald30_34,776
331,Ald35_39,701
331,Ald40_44,697
331,Ald45_49,752
331,Ald50_54,953
331,Ald55_59,997
331,Ald60_64,939
331,Ald65_69,934
331,Ald70_74,922
331,Ald75_79,637
331,Ald80_w,910
2083,Ald0_5,965
2083,Ald6_9,664
2083,Ald10_15,1030
2083,Ald16_19,687
2083,Ald20_24,775
2083,Ald25_29,884
2083,Ald30_34,858
2083,Ald35_39,741
2083,Ald40_44,771
2083,Ald45_49,948
2083,Ald50_54,1050
2083,Ald55_59,1136
2083,Ald60_64,1035
2083,Ald65_69,1032
2083,Ald70_74,1131
2083,Ald75_79,743
2083,Ald80_w,998
1283,Ald0_5,10492
1283,Ald6_9,7233
1283,Ald10_15,9846
1283,Ald16_19,6402
1283,Ald20_24,8689
1283,Ald25_29,11185
1283,Ald30_34,9920
1283,Ald35_39,9109
1283,Ald40_44,9306
1283,Ald45_49,9587
1283,Ald50_54,9892
1283,Ald55_59,8665
1283,Ald60_64,7690
1283,Ald65_69,7396
1283,Ald70_74,7224
1283,Ald75_79,5410
1283,Ald80_w,7089
1466,Ald0_5,624
1466,Ald6_9,450
1466,Ald10_15,613
1466,Ald16_19,437
1466,Ald20_24,505
1466,Ald25_29,577
1466,Ald30_34,513
1466,Ald35_39,488
1466,Ald40_44,485
1466,Ald45_49,629
1466,Ald50_54,670
1466,Ald55_59,604
1466,Ald60_64,602
1466,Ald65_69,666
1466,Ald70_74,632
1466,Ald75_79,408
1466,Ald80_w,584
1497,Ald0_5,589
1497,Ald6_9,447
1497,Ald10_15,579
1497,Ald16_19,385
1497,Ald20_24,424
1497,Ald25_29,513
1497,Ald30_34,487
1497,Ald35_39,504
1497,Ald40_44,523
1497,Ald45_49,533
1497,Ald50_54,632
1497,Ald55_59,502
1497,Ald60_64,582
1497,Ald65_69,689
1497,Ald70_74,700
1497,Ald75_79,489
1497,Ald80_w,594
2104,Ald0_5,591
2104,Ald6_9,385
2104,Ald10_15,589
2104,Ald16_19,414
2104,Ald20_24,551
2104,Ald25_29,581
2104,Ald30_34,485
2104,Ald35_39,423
2104,Ald40_44,459
2104,Ald45_49,625
2104,Ald50_54,657
2104,Ald55_59,672
2104,Ald60_64,674
2104,Ald65_69,683
2104,Ald70_74,688
2104,Ald75_79,457
2104,Ald80_w,662
126,Ald0_5,9049
126,Ald6_9,6606
126,Ald10_15,9338
126,Ald16_19,5413
126,Ald20_24,6731
126,Ald25_29,7695
126,Ald30_34,7790
126,Ald35_39,8224
126,Ald40_44,8440
126,Ald45_49,8275
126,Ald50_54,7835
126,Ald55_59,6227
126,Ald60_64,5147
126,Ald65_69,4134
126,Ald70_74,4261
126,Ald75_79,2870
126,Ald80_w,3446
2184,Ald0_5,2213
2184,Ald6_9,1671
2184,Ald10_15,2621
2184,Ald16_19,1674
2184,Ald20_24,1772
2184,Ald25_29,2269
2184,Ald30_34,1962
2184,Ald35_39,1922
2184,Ald40_44,1983
2184,Ald45_49,2400
2184,Ald50_54,2498
2184,Ald55_59,2345
2184,Ald60_64,2545
2184,Ald65_69,2554
2184,Ald70_74,2831
2184,Ald75_79,1794
2184,Ald80_w,2339
860,Ald0_5,969
860,Ald6_9,629
860,Ald10_15,946
860,Ald16_19,638
860,Ald20_24,709
860,Ald25_29,831
860,Ald30_34,702
860,Ald35_39,681
860,Ald40_44,696
860,Ald45_49,804
860,Ald50_54,1011
860,Ald55_59,1009
860,Ald60_64,1002
860,Ald65_69,946
860,Ald70_74,986
860,Ald75_79,727
860,Ald80_w,1060
1315,Ald0_5,822
1315,Ald6_9,557
1315,Ald10_15,877
1315,Ald16_19,543
1315,Ald20_24,526
1315,Ald25_29,647
1315,Ald30_34,636
1315,Ald35_39,561
1315,Ald40_44,595
1315,Ald45_49,679
1315,Ald50_54,760
1315,Ald55_59,665
1315,Ald60_64,668
1315,Ald65_69,639
1315,Ald70_74,604
1315,Ald75_79,455
1315,Ald80_w,664
305,Ald0_5,1634
305,Ald6_9,1154
305,Ald10_15,1909
305,Ald16_19,1144
305,Ald20_24,1064
305,Ald25_29,1167
305,Ald30_34,1207
305,Ald35_39,1256
305,Ald40_44,1545
305,Ald45_49,1717
305,Ald50_54,1698
305,Ald55_59,1229
305,Ald60_64,1000
305,Ald65_69,1057
305,Ald70_74,1250
305,Ald75_79,840
305,Ald80_w,678
1863,Ald0_5,426
1863,Ald6_9,283
1863,Ald10_15,413
1863,Ald16_19,298
1863,Ald20_24,417
1863,Ald25_29,438
1863,Ald30_34,324
1863,Ald35_39,281
1863,Ald40_44,281
1863,Ald45_49,408
1863,Ald50_54,482
1863,Ald55_59,468
1863,Ald60_64,441
1863,Ald65_69,502
1863,Ald70_74,516
1863,Ald75_79,439
1863,Ald80_w,559
2361,Ald0_5,497
2361,Ald6_9,371
2361,Ald10_15,599
2361,Ald16_19,406
2361,Ald20_24,540
2361,Ald25_29,587
2361,Ald30_34,514
2361,Ald35_39,462
2361,Ald40_44,501
2361,Ald45_49,606
2361,Ald50_54,684
2361,Ald55_59,697
2361,Ald60_64,729
2361,Ald65_69,803
2361,Ald70_74,780
2361,Ald75_79,568
2361,Ald80_w,799
2280,Ald0_5,1538
2280,Ald6_9,1161
2280,Ald10_15,1751
2280,Ald16_19,1123
2280,Ald20_24,1231
2280,Ald25_29,1508
2280,Ald30_34,1487
2280,Ald35_39,1332
2280,Ald40_44,1352
2280,Ald45_49,1449
2280,Ald50_54,1660
2280,Ald55_59,1399
2280,Ald60_64,1617
2280,Ald65_69,1700
2280,Ald70_74,1855
2280,Ald75_79,1270
2280,Ald80_w,1661
1401,Ald0_5,2988
1401,Ald6_9,2498
1401,Ald10_15,3486
1401,Ald16_19,1826
1401,Ald20_24,1779
1401,Ald25_29,1665
1401,Ald30_34,1973
1401,Ald35_39,2594
1401,Ald40_44,3007
1401,Ald45_49,2994
1401,Ald50_54,2820
1401,Ald55_59,2230
1401,Ald60_64,1837
1401,Ald65_69,1628
1401,Ald70_74,1773
1401,Ald75_79,1208
1401,Ald80_w,1467
1293,Ald0_5,3358
1293,Ald6_9,2409
1293,Ald10_15,3529
1293,Ald16_19,2465
1293,Ald20_24,2843
1293,Ald25_29,3272
1293,Ald30_34,3108
1293,Ald35_39,2813
1293,Ald40_44,2924
1293,Ald45_49,3339
1293,Ald50_54,3709
1293,Ald55_59,3202
1293,Ald60_64,2951
1293,Ald65_69,3026
1293,Ald70_74,3208
1293,Ald75_79,2476
1293,Ald80_w,3424
1284,Ald0_5,1641
1284,Ald6_9,1334
1284,Ald10_15,2043
1284,Ald16_19,1188
1284,Ald20_24,1025
1284,Ald25_29,1069
1284,Ald30_34,1167
1284,Ald35_39,1403
1284,Ald40_44,1710
1284,Ald45_49,1791
1284,Ald50_54,1896
1284,Ald55_59,1589
1284,Ald60_64,1669
1284,Ald65_69,1786
1284,Ald70_74,2058
1284,Ald75_79,1470
1284,Ald80_w,1705
821,Ald0_5,397
821,Ald6_9,310
821,Ald10_15,438
821,Ald16_19,288
821,Ald20_24,289
821,Ald25_29,283
821,Ald30_34,317
821,Ald35_39,308
821,Ald40_44,305
821,Ald45_49,365
821,Ald50_54,388
821,Ald55_59,414
821,Ald60_64,447
821,Ald65_69,450
821,Ald70_74,389
821,Ald75_79,298
821,Ald80_w,401
1266,Ald0_5,1127
1266,Ald6_9,721
1266,Ald10_15,1054
1266,Ald16_19,657
1266,Ald20_24,788
1266,Ald25_29,941
1266,Ald30_34,972
1266,Ald35_39,875
1266,Ald40_44,941
1266,Ald45_49,997
1266,Ald50_54,1071
1266,Ald55_59,1017
1266,Ald60_64,980
1266,Ald65_69,977
1266,Ald70_74,938
1266,Ald75_79,622
1266,Ald80_w,944
1267,Ald0_5,1193
1267,Ald6_9,913
1267,Ald10_15,1251
1267,Ald16_19,770
1267,Ald20_24,739
1267,Ald25_29,854
1267,Ald30_34,922
1267,Ald35_39,1010
1267,Ald40_44,1096
1267,Ald45_49,1120
1267,Ald50_54,1266
1267,Ald55_59,1016
1267,Ald60_64,1011
1267,Ald65_69,982
1267,Ald70_74,925
1267,Ald75_79,711
1267,Ald80_w,837
2510,Ald0_5,289
2510,Ald6_9,173
2510,Ald10_15,267
2510,Ald16_19,197
2510,Ald20_24,261
2510,Ald25_29,304
2510,Ald30_34,252
2510,Ald35_39,257
2510,Ald40_44,213
2510,Ald45_49,297
2510,Ald50_54,367
2510,Ald55_59,364
2510,Ald60_64,379
2510,Ald65_69,398
2510,Ald70_74,352
2510,Ald75_79,269
2510,Ald80_w,357
123,Ald0_5,6231
123,Ald6_9,4120
123,Ald10_15,6006
123,Ald16_19,3709
123,Ald20_24,4455
123,Ald25_29,5647
123,Ald30_34,5606
123,Ald35_39,5560
123,Ald40_44,5515
123,Ald45_49,5297
123,Ald50_54,5080
123,Ald55_59,4253
123,Ald60_64,3766
123,Ald65_69,3302
123,Ald70_74,3654
123,Ald75_79,2726
123,Ald80_w,3407
680,Ald0_5,10027
680,Ald6_9,6985
680,Ald10_15,9553
680,Ald16_19,6084
680,Ald20_24,10272
680,Ald25_29,11376
680,Ald30_34,9529
680,Ald35_39,8537
680,Ald40_44,8393
680,Ald45_49,8544
680,Ald50_54,9005
680,Ald55_59,7563
680,Ald60_64,6880
680,Ald65_69,6724
680,Ald70_74,7124
680,Ald75_79,5144
680,Ald80_w,7359
2514,Ald0_5,852
2514,Ald6_9,588
2514,Ald10_15,999
2514,Ald16_19,683
2514,Ald20_24,743
2514,Ald25_29,901
2514,Ald30_34,803
2514,Ald35_39,694
2514,Ald40_44,790
2514,Ald45_49,1012
2514,Ald50_54,1171
2514,Ald55_59,1095
2514,Ald60_64,1170
2514,Ald65_69,1156
2514,Ald70_74,1217
2514,Ald75_79,964
2514,Ald80_w,1210
880,Ald0_5,4752
880,Ald6_9,3280
880,Ald10_15,4453
880,Ald16_19,2947
880,Ald20_24,4735
880,Ald25_29,5654
880,Ald30_34,4584
880,Ald35_39,4052
880,Ald40_44,4072
880,Ald45_49,4238
880,Ald50_54,4520
880,Ald55_59,3788
880,Ald60_64,3720
880,Ald65_69,3700
880,Ald70_74,3735
880,Ald75_79,2536
880,Ald80_w,3686
1446,Ald0_5,404
1446,Ald6_9,257
1446,Ald10_15,448
1446,Ald16_19,263
1446,Ald20_24,300
1446,Ald25_29,379
1446,Ald30_34,388
1446,Ald35_39,326
1446,Ald40_44,378
1446,Ald45_49,386
1446,Ald50_54,476
1446,Ald55_59,422
1446,Ald60_64,428
1446,Ald65_69,534
1446,Ald70_74,630
1446,Ald75_79,423
1446,Ald80_w,496
1082,Ald0_5,2037
1082,Ald6_9,1467
1082,Ald10_15,2148
1082,Ald16_19,1371
1082,Ald20_24,1722
1082,Ald25_29,1980
1082,Ald30_34,1795
1082,Ald35_39,1672
1082,Ald40_44,1758
1082,Ald45_49,2021
1082,Ald50_54,2392
1082,Ald55_59,2035
1082,Ald60_64,1964
1082,Ald65_69,1965
1082,Ald70_74,2094
1082,Ald75_79,1698
1082,Ald80_w,2189
1883,Ald0_5,1865
1883,Ald6_9,1314
1883,Ald10_15,2076
1883,Ald16_19,1414
1883,Ald20_24,1640
1883,Ald25_29,1933
1883,Ald30_34,1732
1883,Ald35_39,1488
1883,Ald40_44,1644
1883,Ald45_49,2010
1883,Ald50_54,2179
1883,Ald55_59,1841
1883,Ald60_64,1769
1883,Ald65_69,1824
1883,Ald70_74,2031
1883,Ald75_79,1607
1883,Ald80_w,2010
1080,Ald0_5,4368
1080,Ald6_9,3117
1080,Ald10_15,4854
1080,Ald16_19,3037
1080,Ald20_24,4321
1080,Ald25_29,4561
1080,Ald30_34,4061
1080,Ald35_39,3831
1080,Ald40_44,4141
1080,Ald45_49,4262
1080,Ald50_54,4305
1080,Ald55_59,3618
1080,Ald60_64,3719
1080,Ald65_69,3774
1080,Ald70_74,3986
1080,Ald75_79,2839
1080,Ald80_w,3845
1780,Ald0_5,6127
1780,Ald6_9,4051
1780,Ald10_15,5716
1780,Ald16_19,3771
1780,Ald20_24,7296
1780,Ald25_29,7779
1780,Ald30_34,6057
1780,Ald35_39,5408
1780,Ald40_44,5278
1780,Ald45_49,5666
1780,Ald50_54,6104
1780,Ald55_59,5224
1780,Ald60_64,5165
1780,Ald65_69,4952
1780,Ald70_74,5048
1780,Ald75_79,3618
1780,Ald80_w,5152
483,Ald0_5,2597
483,Ald6_9,1606
483,Ald10_15,2468
483,Ald16_19,1703
483,Ald20_24,1895
483,Ald25_29,2256
483,Ald30_34,2056
483,Ald35_39,1766
483,Ald40_44,1801
483,Ald45_49,2051
483,Ald50_54,2269
483,Ald55_59,2088
483,Ald60_64,2076
483,Ald65_69,2136
483,Ald70_74,2137
483,Ald75_79,1461
483,Ald80_w,2141
1715,Ald0_5,883
1715,Ald6_9,598
1715,Ald10_15,853
1715,Ald16_19,507
1715,Ald20_24,514
1715,Ald25_29,660
1715,Ald30_34,690
1715,Ald35_39,671
1715,Ald40_44,682
1715,Ald45_49,765
1715,Ald50_54,792
1715,Ald55_59,717
1715,Ald60_64,742
1715,Ald65_69,771
1715,Ald70_74,862
1715,Ald75_79,537
1715,Ald80_w,711
513,Ald0_5,634
513,Ald6_9,420
513,Ald10_15,724
513,Ald16_19,425
513,Ald20_24,467
513,Ald25_29,526
513,Ald30_34,469
513,Ald35_39,488
513,Ald40_44,523
513,Ald45_49,608
513,Ald50_54,684
513,Ald55_59,632
513,Ald60_64,680
513,Ald65_69,734
513,Ald70_74,674
513,Ald75_79,552
513,Ald80_w,667
2584,Ald0_5,1562
2584,Ald6_9,1026
2584,Ald10_15,1446
2584,Ald16_19,1007
2584,Ald20_24,1370
2584,Ald25_29,1685
2584,Ald30_34,1549
2584,Ald35_39,1271
2584,Ald40_44,1145
2584,Ald45_49,1448
2584,Ald50_54,1683
2584,Ald55_59,1586
2584,Ald60_64,1369
2584,Ald65_69,1269
2584,Ald70_74,1247
2584,Ald75_79,957
2584,Ald80_w,1362
1276,Ald0_5,1139
1276,Ald6_9,843
1276,Ald10_15,1188
1276,Ald16_19,841
1276,Ald20_24,965
1276,Ald25_29,1096
1276,Ald30_34,1018
1276,Ald35_39,922
1276,Ald40_44,1079
1276,Ald45_49,1159
1276,Ald50_54,1232
1276,Ald55_59,1097
1276,Ald60_64,1031
1276,Ald65_69,1104
1276,Ald70_74,1084
1276,Ald75_79,760
1276,Ald80_w,1016
330,Ald0_5,1755
330,Ald6_9,1264
330,Ald10_15,1829
330,Ald16_19,954
330,Ald20_24,874
330,Ald25_29,1111
330,Ald30_34,1229
330,Ald35_39,1325
330,Ald40_44,1555
330,Ald45_49,1382
330,Ald50_54,1201
330,Ald55_59,923
330,Ald60_64,782
330,Ald65_69,809
330,Ald70_74,786
330,Ald75_79,434
330,Ald80_w,493
2282,Ald0_5,1054
2282,Ald6_9,680
2282,Ald10_15,1149
2282,Ald16_19,816
2282,Ald20_24,775
2282,Ald25_29,1008
2282,Ald30_34,868
2282,Ald35_39,830
2282,Ald40_44,891
2282,Ald45_49,1079
2282,Ald50_54,1310
2282,Ald55_59,1262
2282,Ald60_64,1402
2282,Ald65_69,1461
2282,Ald70_74,1521
2282,Ald75_79,959
2282,Ald80_w,1345
1290,Ald0_5,5832
1290,Ald6_9,4096
1290,Ald10_15,6000
1290,Ald16_19,3957
1290,Ald20_24,4978
1290,Ald25_29,5777
1290,Ald30_34,5252
1290,Ald35_39,4734
1290,Ald40_44,4951
1290,Ald45_49,5336
1290,Ald50_54,5659
1290,Ald55_59,5089
1290,Ald60_64,4813
1290,Ald65_69,4775
1290,Ald70_74,5006
1290,Ald75_79,3610
1290,Ald80_w,4933
1781,Ald0_5,1437
1781,Ald6_9,1065
1781,Ald10_15,1516
1781,Ald16_19,994
1781,Ald20_24,1181
1781,Ald25_29,1483
1781,Ald30_34,1290
1781,Ald35_39,1212
1781,Ald40_44,1304
1781,Ald45_49,1488
1781,Ald50_54,1772
1781,Ald55_59,1590
1781,Ald60_64,1576
1781,Ald65_69,1704
1781,Ald70_74,1773
1781,Ald75_79,1217
1781,Ald80_w,1698
2309,Ald0_5,1122
2309,Ald6_9,869
2309,Ald10_15,1317
2309,Ald16_19,674
2309,Ald20_24,549
2309,Ald25_29,672
2309,Ald30_34,784
2309,Ald35_39,899
2309,Ald40_44,986
2309,Ald45_49,998
2309,Ald50_54,1029
2309,Ald55_59,870
2309,Ald60_64,900
2309,Ald65_69,896
2309,Ald70_74,962
2309,Ald75_79,610
2309,Ald80_w,716
1881,Ald0_5,1657
1881,Ald6_9,1253
1881,Ald10_15,1653
1881,Ald16_19,1085
1881,Ald20_24,1086
1881,Ald25_29,1298
1881,Ald30_34,1336
1881,Ald35_39,1307
1881,Ald40_44,1426
1881,Ald45_49,1601
1881,Ald50_54,1413
1881,Ald55_59,1122
1881,Ald60_64,1092
1881,Ald65_69,1144
1881,Ald70_74,1222
1881,Ald75_79,899
1881,Ald80_w,1024
1384,Ald0_5,5880
1384,Ald6_9,4821
1384,Ald10_15,7281
1384,Ald16_19,4308
1384,Ald20_24,4017
1384,Ald25_29,3906
1384,Ald30_34,4046
1384,Ald35_39,4711
1384,Ald40_44,5649
1384,Ald45_49,6546
1384,Ald50_54,6421
1384,Ald55_59,5084
1384,Ald60_64,4267
1384,Ald65_69,4136
1384,Ald70_74,4680
1384,Ald75_79,3452
1384,Ald80_w,4073
1960,Ald0_5,623
1960,Ald6_9,421
1960,Ald10_15,630
1960,Ald16_19,423
1960,Ald20_24,389
1960,Ald25_29,431
1960,Ald30_34,481
1960,Ald35_39,437
1960,Ald40_44,502
1960,Ald45_49,538
1960,Ald50_54,630
1960,Ald55_59,574
1960,Ald60_64,497
1960,Ald65_69,577
1960,Ald70_74,615
1960,Ald75_79,417
1960,Ald80_w,477
1482,Ald0_5,3270
1482,Ald6_9,2396
1482,Ald10_15,3391
1482,Ald16_19,1932
1482,Ald20_24,2352
1482,Ald25_29,2769
1482,Ald30_34,2728
1482,Ald35_39,2547
1482,Ald40_44,2884
1482,Ald45_49,2960
1482,Ald50_54,3313
1482,Ald55_59,2853
1482,Ald60_64,2486
1482,Ald65_69,2259
1482,Ald70_74,2479
1482,Ald75_79,1910
1482,Ald80_w,2509
1261,Ald0_5,2471
1261,Ald6_9,1852
1261,Ald10_15,2895
1261,Ald16_19,1534
1261,Ald20_24,1304
1261,Ald25_29,1421
1261,Ald30_34,1768
1261,Ald35_39,2038
1261,Ald40_44,2451
1261,Ald45_49,2610
1261,Ald50_54,2262
1261,Ald55_59,1649
1261,Ald60_64,1346
1261,Ald65_69,1512
1261,Ald70_74,1831
1261,Ald75_79,1213
1261,Ald80_w,1321
1983,Ald0_5,1779
1983,Ald6_9,1231
1983,Ald10_15,1814
1983,Ald16_19,1184
1983,Ald20_24,1381
1983,Ald25_29,1686
1983,Ald30_34,1555
1983,Ald35_39,1426
1983,Ald40_44,1358
1983,Ald45_49,1520
1983,Ald50_54,1894
1983,Ald55_59,1630
1983,Ald60_64,1587
1983,Ald65_69,1592
1983,Ald70_74,1709
1983,Ald75_79,1178
1983,Ald80_w,1717
1381,Ald0_5,1746
1381,Ald6_9,1164
1381,Ald10_15,1767
1381,Ald16_19,1174
1381,Ald20_24,1150
1381,Ald25_29,1373
1381,Ald30_34,1390
1381,Ald35_39,1307
1381,Ald40_44,1481
1381,Ald45_49,1615
1381,Ald50_54,1686
1381,Ald55_59,1606
1381,Ald60_64,1674
1381,Ald65_69,1801
1381,Ald70_74,1769
1381,Ald75_79,1202
1381,Ald80_w,1570
1282,Ald0_5,3598
1282,Ald6_9,2356
1282,Ald10_15,3055
1282,Ald16_19,2049
1282,Ald20_24,2492
1282,Ald25_29,3058
1282,Ald30_34,3076
1282,Ald35_39,2880
1282,Ald40_44,2815
1282,Ald45_49,2836
1282,Ald50_54,3061
1282,Ald55_59,2653
1282,Ald60_64,2532
1282,Ald65_69,2585
1282,Ald70_74,2535
1282,Ald75_79,1811
1282,Ald80_w,2273
1860,Ald0_5,303
1860,Ald6_9,245
1860,Ald10_15,340
1860,Ald16_19,256
1860,Ald20_24,264
1860,Ald25_29,262
1860,Ald30_34,267
1860,Ald35_39,259
1860,Ald40_44,254
1860,Ald45_49,353
1860,Ald50_54,447
1860,Ald55_59,375
1860,Ald60_64,393
1860,Ald65_69,442
1860,Ald70_74,436
1860,Ald75_79,298
1860,Ald80_w,443
1814,Ald0_5,726
1814,Ald6_9,493
1814,Ald10_15,592
1814,Ald16_19,300
1814,Ald20_24,303
1814,Ald25_29,463
1814,Ald30_34,561
1814,Ald35_39,539
1814,Ald40_44,479
1814,Ald45_49,502
1814,Ald50_54,507
1814,Ald55_59,432
1814,Ald60_64,466
1814,Ald65_69,466
1814,Ald70_74,507
1814,Ald75_79,323
1814,Ald80_w,417
2029,Ald0_5,963
2029,Ald6_9,673
2029,Ald10_15,1025
2029,Ald16_19,673
2029,Ald20_24,737
2029,Ald25_29,790
2029,Ald30_34,799
2029,Ald35_39,754
2029,Ald40_44,825
2029,Ald45_49,947
2029,Ald50_54,1110
2029,Ald55_59,1007
2029,Ald60_64,1066
2029,Ald65_69,1173
2029,Ald70_74,1342
2029,Ald75_79,895
2029,Ald80_w,1072
1441,Ald0_5,3405
1441,Ald6_9,2635
1441,Ald10_15,3818
1441,Ald16_19,2114
1441,Ald20_24,1926
1441,Ald25_29,1851
1441,Ald30_34,2230
1441,Ald35_39,2837
1441,Ald40_44,3090
1441,Ald45_49,3305
1441,Ald50_54,3061
1441,Ald55_59,2314
1441,Ald60_64,2034
1441,Ald65_69,1831
1441,Ald70_74,2127
1441,Ald75_79,1638
1441,Ald80_w,1893
761,Ald0_5,696
761,Ald6_9,468
761,Ald10_15,730
761,Ald16_19,454
761,Ald20_24,403
761,Ald25_29,471
761,Ald30_34,466
761,Ald35_39,485
761,Ald40_44,513
761,Ald45_49,537
761,Ald50_54,534
761,Ald55_59,517
761,Ald60_64,490
761,Ald65_69,539
761,Ald70_74,592
761,Ald75_79,362
761,Ald80_w,510
186,Ald0_5,3263
186,Ald6_9,2688
186,Ald10_15,4195
186,Ald16_19,2396
186,Ald20_24,2331
186,Ald25_29,2552
186,Ald30_34,2413
186,Ald35_39,2875
186,Ald40_44,3300
186,Ald45_49,3586
186,Ald50_54,3272
186,Ald55_59,2775
186,Ald60_64,2409
186,Ald65_69,2339
186,Ald70_74,2640
186,Ald75_79,1909
186,Ald80_w,2818
1494,Ald0_5,2585
1494,Ald6_9,1855
1494,Ald10_15,2777
1494,Ald16_19,1677
1494,Ald20_24,2158
1494,Ald25_29,2642
1494,Ald30_34,2307
1494,Ald35_39,2218
1494,Ald40_44,2258
1494,Ald45_49,2552
1494,Ald50_54,2731
1494,Ald55_59,2560
1494,Ald60_64,2432
1494,Ald65_69,2396
1494,Ald70_74,2494
1494,Ald75_79,1816
1494,Ald80_w,2401
1462,Ald0_5,1103
1462,Ald6_9,700
1462,Ald10_15,916
1462,Ald16_19,572
1462,Ald20_24,726
1462,Ald25_29,936
1462,Ald30_34,954
1462,Ald35_39,895
1462,Ald40_44,811
1462,Ald45_49,863
1462,Ald50_54,998
1462,Ald55_59,925
1462,Ald60_64,881
1462,Ald65_69,820
1462,Ald70_74,799
1462,Ald75_79,522
1462,Ald80_w,604
1885,Ald0_5,1575
1885,Ald6_9,1097
1885,Ald10_15,1600
1885,Ald16_19,1066
1885,Ald20_24,1234
1885,Ald25_29,1342
1885,Ald30_34,1286
1885,Ald35_39,1259
1885,Ald40_44,1337
1885,Ald45_49,1442
1885,Ald50_54,1558
1885,Ald55_59,1511
1885,Ald60_64,1480
1885,Ald65_69,1552
1885,Ald70_74,1667
1885,Ald75_79,1136
1885,Ald80_w,1409
580,Ald0_5,11266
580,Ald6_9,7704
580,Ald10_15,10858
580,Ald16_19,7055
580,Ald20_24,14534
580,Ald25_29,14268
580,Ald30_34,11296
580,Ald35_39,10042
580,Ald40_44,9890
580,Ald45_49,9800
580,Ald50_54,9976
580,Ald55_59,8462
580,Ald60_64,7746
580,Ald65_69,7374
580,Ald70_74,7287
580,Ald75_79,5432
580,Ald80_w,7882
781,Ald0_5,1883
781,Ald6_9,1237
781,Ald10_15,1981
781,Ald16_19,1221
781,Ald20_24,1442
781,Ald25_29,1855
781,Ald30_34,1695
781,Ald35_39,1517
781,Ald40_44,1709
781,Ald45_49,1816
781,Ald50_54,2022
781,Ald55_59,1784
781,Ald60_64,1716
781,Ald65_69,1708
781,Ald70_74,1777
781,Ald75_79,1289
781,Ald80_w,1885
2161,Ald0_5,1081
2161,Ald6_9,815
2161,Ald10_15,1313
2161,Ald16_19,859
2161,Ald20_24,896
2161,Ald25_29,1069
2161,Ald30_34,997
2161,Ald35_39,884
2161,Ald40_44,1013
2161,Ald45_49,1141
2161,Ald50_54,1312
2161,Ald55_59,1216
2161,Ald60_64,1298
2161,Ald65_69,1373
2161,Ald70_74,1463
2161,Ald75_79,936
2161,Ald80_w,1351
1864,Ald0_5,253
1864,Ald6_9,175
1864,Ald10_15,273
1864,Ald16_19,206
1864,Ald20_24,224
1864,Ald25_29,255
1864,Ald30_34,196
1864,Ald35_39,231
1864,Ald40_44,251
1864,Ald45_49,280
1864,Ald50_54,346
1864,Ald55_59,344
1864,Ald60_64,368
1864,Ald65_69,397
1864,Ald70_74,388
1864,Ald75_79,323
1864,Ald80_w,329
1262,Ald0_5,1898
1262,Ald6_9,1676
1262,Ald10_15,2388
1262,Ald16_19,1235
1262,Ald20_24,924
1262,Ald25_29,751
1262,Ald30_34,943
1262,Ald35_39,1501
1262,Ald40_44,2013
1262,Ald45_49,2016
1262,Ald50_54,1858
1262,Ald55_59,1371
1262,Ald60_64,1097
1262,Ald65_69,1098
1262,Ald70_74,1387
1262,Ald75_79,1210
1262,Ald80_w,1386
2085,Ald0_5,1978
2085,Ald6_9,1276
2085,Ald10_15,1746
2085,Ald16_19,1146
2085,Ald20_24,1301
2085,Ald25_29,1752
2085,Ald30_34,1706
2085,Ald35_39,1480
2085,Ald40_44,1420
2085,Ald45_49,1600
2085,Ald50_54,1725
2085,Ald55_59,1702
2085,Ald60_64,1575
2085,Ald65_69,1658
2085,Ald70_74,1783
2085,Ald75_79,1328
2085,Ald80_w,1730
2580,Ald0_5,4807
2580,Ald6_9,3350
2580,Ald10_15,4930
2580,Ald16_19,3370
2580,Ald20_24,5866
2580,Ald25_29,5900
2580,Ald30_34,4916
2580,Ald35_39,4426
2580,Ald40_44,4553
2580,Ald45_49,4967
2580,Ald50_54,5527
2580,Ald55_59,4731
2580,Ald60_64,4503
2580,Ald65_69,4386
2580,Ald70_74,4203
2580,Ald75_79,3266
2580,Ald80_w,4079
1281,Ald0_5,7959
1281,Ald6_9,5907
1281,Ald10_15,8326
1281,Ald16_19,5178
1281,Ald20_24,13464
1281,Ald25_29,11377
1281,Ald30_34,8498
1281,Ald35_39,7925
1281,Ald40_44,7431
1281,Ald45_49,7200
1281,Ald50_54,7137
1281,Ald55_59,6003
1281,Ald60_64,5799
1281,Ald65_69,5828
1281,Ald70_74,5588
1281,Ald75_79,4121
1281,Ald80_w,5036
2481,Ald0_5,873
2481,Ald6_9,581
2481,Ald10_15,790
2481,Ald16_19,561
2481,Ald20_24,599
2481,Ald25_29,806
2481,Ald30_34,708
2481,Ald35_39,663
2481,Ald40_44,588
2481,Ald45_49,706
2481,Ald50_54,762
2481,Ald55_59,771
2481,Ald60_64,819
2481,Ald65_69,782
2481,Ald70_74,790
2481,Ald75_79,594
2481,Ald80_w,828
1484,Ald0_5,798
1484,Ald6_9,604
1484,Ald10_15,887
1484,Ald16_19,615
1484,Ald20_24,674
1484,Ald25_29,713
1484,Ald30_34,674
1484,Ald35_39,680
1484,Ald40_44,716
1484,Ald45_49,840
1484,Ald50_54,1036
1484,Ald55_59,1003
1484,Ald60_64,1080
1484,Ald65_69,1203
1484,Ald70_74,1136
1484,Ald75_79,839
1484,Ald80_w,1102
1280,Ald0_5,28358
1280,Ald6_9,16856
1280,Ald10_15,20840
1280,Ald16_19,12508
1280,Ald20_24,20960
1280,Ald25_29,32746
1280,Ald30_34,31267
1280,Ald35_39,27260
1280,Ald40_44,23015
1280,Ald45_49,19817
1280,Ald50_54,19561
1280,Ald55_59,17736
1280,Ald60_64,15951
1280,Ald65_69,14539
1280,Ald70_74,13076
1280,Ald75_79,9512
1280,Ald80_w,14229
2023,Ald0_5,559
2023,Ald6_9,401
2023,Ald10_15,629
2023,Ald16_19,418
2023,Ald20_24,520
2023,Ald25_29,594
2023,Ald30_34,547
2023,Ald35_39,514
2023,Ald40_44,571
2023,Ald45_49,658
2023,Ald50_54,726
2023,Ald55_59,651
2023,Ald60_64,690
2023,Ald65_69,691
2023,Ald70_74,729
2023,Ald75_79,507
2023,Ald80_w,698
2418,Ald0_5,187
2418,Ald6_9,142
2418,Ald10_15,218
2418,Ald16_19,153
2418,Ald20_24,146
2418,Ald25_29,171
2418,Ald30_34,138
2418,Ald35_39,152
2418,Ald40_44,147
2418,Ald45_49,163
2418,Ald50_54,194
2418,Ald55_59,215
2418,Ald60_64,241
2418,Ald65_69,241
2418,Ald70_74,221
2418,Ald75_79,163
2418,Ald80_w,230
1493,Ald0_5,1548
1493,Ald6_9,1069
1493,Ald10_15,1565
1493,Ald16_19,987
1493,Ald20_24,1229
1493,Ald25_29,1587
1493,Ald30_34,1329
1493,Ald35_39,1184
1493,Ald40_44,1267
1493,Ald45_49,1439
1493,Ald50_54,1720
1493,Ald55_59,1591
1493,Ald60_64,1501
1493,Ald65_69,1529
1493,Ald70_74,1777
1493,Ald75_79,1312
1493,Ald80_w,1717
1463,Ald0_5,2261
1463,Ald6_9,1689
1463,Ald10_15,2631
1463,Ald16_19,1642
1463,Ald20_24,1760
1463,Ald25_29,2047
1463,Ald30_34,1890
1463,Ald35_39,1896
1463,Ald40_44,1998
1463,Ald45_49,2275
1463,Ald50_54,2473
1463,Ald55_59,2200
1463,Ald60_64,2122
1463,Ald65_69,2198
1463,Ald70_74,2086
1463,Ald75_79,1462
1463,Ald80_w,2132
767,Ald0_5,714
767,Ald6_9,464
767,Ald10_15,733
767,Ald16_19,441
767,Ald20_24,535
767,Ald25_29,605
767,Ald30_34,559
767,Ald35_39,565
767,Ald40_44,589
767,Ald45_49,597
767,Ald50_54,695
767,Ald55_59,595
767,Ald60_64,593
767,Ald65_69,646
767,Ald70_74,695
767,Ald75_79,499
767,Ald80_w,727
1461,Ald0_5,630
1461,Ald6_9,402
1461,Ald10_15,600
1461,Ald16_19,379
1461,Ald20_24,483
1461,Ald25_29,554
1461,Ald30_34,475
1461,Ald35_39,436
1461,Ald40_44,455
1461,Ald45_49,470
1461,Ald50_54,636
1461,Ald55_59,648
1461,Ald60_64,614
1461,Ald65_69,704
1461,Ald70_74,683
1461,Ald75_79,471
1461,Ald80_w,705
586,Ald0_5,1979
586,Ald6_9,1319
586,Ald10_15,1974
586,Ald16_19,1205
586,Ald20_24,1455
586,Ald25_29,1774
586,Ald30_34,1627
586,Ald35_39,1585
586,Ald40_44,1746
586,Ald45_49,1807
586,Ald50_54,1852
586,Ald55_59,1620
586,Ald60_64,1514
586,Ald65_69,1543
586,Ald70_74,1613
586,Ald75_79,1219
586,Ald80_w,1526
2062,Ald0_5,1164
2062,Ald6_9,906
2062,Ald10_15,1373
2062,Ald16_19,811
2062,Ald20_24,916
2062,Ald25_29,1205
2062,Ald30_34,1130
2062,Ald35_39,1027
2062,Ald40_44,1140
2062,Ald45_49,1234
2062,Ald50_54,1386
2062,Ald55_59,1218
2062,Ald60_64,1390
2062,Ald65_69,1482
2062,Ald70_74,1557
2062,Ald75_79,1117
2062,Ald80_w,1320
583,Ald0_5,2931
583,Ald6_9,2028
583,Ald10_15,3091
583,Ald16_19,1983
583,Ald20_24,2151
583,Ald25_29,2583
583,Ald30_34,2491
583,Ald35_39,2382
583,Ald40_44,2519
583,Ald45_49,2950
583,Ald50_54,3103
583,Ald55_59,2710
583,Ald60_64,2748
583,Ald65_69,2777
583,Ald70_74,2673
583,Ald75_79,1919
583,Ald80_w,2617
642,Ald0_5,521
642,Ald6_9,394
642,Ald10_15,568
642,Ald16_19,343
642,Ald20_24,359
642,Ald25_29,381
642,Ald30_34,435
642,Ald35_39,396
642,Ald40_44,439
642,Ald45_49,473
642,Ald50_54,476
642,Ald55_59,368
642,Ald60_64,439
642,Ald65_69,463
642,Ald70_74,562
642,Ald75_79,316
642,Ald80_w,385
1430,Ald0_5,716
1430,Ald6_9,502
1430,Ald10_15,728
1430,Ald16_19,474
1430,Ald20_24,474
1430,Ald25_29,618
1430,Ald30_34,614
1430,Ald35_39,565
1430,Ald40_44,571
1430,Ald45_49,621
1430,Ald50_54,688
1430,Ald55_59,704
1430,Ald60_64,637
1430,Ald65_69,665
1430,Ald70_74,690
1430,Ald75_79,490
1430,Ald80_w,741
1762,Ald0_5,213
1762,Ald6_9,161
1762,Ald10_15,238
1762,Ald16_19,139
1762,Ald20_24,183
1762,Ald25_29,235
1762,Ald30_34,174
1762,Ald35_39,170
1762,Ald40_44,170
1762,Ald45_49,208
1762,Ald50_54,312
1762,Ald55_59,262
1762,Ald60_64,251
1762,Ald65_69,245
1762,Ald70_74,255
1762,Ald75_79,206
1762,Ald80_w,360
1481,Ald0_5,5036
1481,Ald6_9,3639
1481,Ald10_15,5088
1481,Ald16_19,3050
1481,Ald20_24,4002
1481,Ald25_29,5474
1481,Ald30_34,4833
1481,Ald35_39,4646
1481,Ald40_44,4856
1481,Ald45_49,4816
1481,Ald50_54,4703
1481,Ald55_59,3891
1481,Ald60_64,3351
1481,Ald65_69,2920
1481,Ald70_74,2862
1481,Ald75_79,2011
1481,Ald80_w,2906
861,Ald0_5,921
861,Ald6_9,634
861,Ald10_15,876
861,Ald16_19,602
861,Ald20_24,629
861,Ald25_29,799
861,Ald30_34,763
861,Ald35_39,650
861,Ald40_44,739
861,Ald45_49,820
861,Ald50_54,899
861,Ald55_59,884
861,Ald60_64,910
861,Ald65_69,916
861,Ald70_74,918
861,Ald75_79,682
861,Ald80_w,914
840,Ald0_5,1064
840,Ald6_9,812
840,Ald10_15,1060
840,Ald16_19,618
840,Ald20_24,526
840,Ald25_29,638
840,Ald30_34,703
840,Ald35_39,886
840,Ald40_44,886
840,Ald45_49,936
840,Ald50_54,993
840,Ald55_59,899
840,Ald60_64,1030
840,Ald65_69,1119
840,Ald70_74,1221
840,Ald75_79,782
840,Ald80_w,871
182,Ald0_5,8228
182,Ald6_9,6061
182,Ald10_15,9084
182,Ald16_19,5029
182,Ald20_24,5102
182,Ald25_29,6077
182,Ald30_34,6319
182,Ald35_39,7127
182,Ald40_44,7661
182,Ald45_49,7987
182,Ald50_54,7543
182,Ald55_59,5860
182,Ald60_64,4857
182,Ald65_69,4442
182,Ald70_74,4860
182,Ald75_79,3297
182,Ald80_w,3943
1884,Ald0_5,691
1884,Ald6_9,519
1884,Ald10_15,744
1884,Ald16_19,471
1884,Ald20_24,490
1884,Ald25_29,547
1884,Ald30_34,578
1884,Ald35_39,538
1884,Ald40_44,597
1884,Ald45_49,654
1884,Ald50_54,731
1884,Ald55_59,622
1884,Ald60_64,680
1884,Ald65_69,732
1884,Ald70_74,856
1884,Ald75_79,591
1884,Ald80_w,684
1962,Ald0_5,356
1962,Ald6_9,268
1962,Ald10_15,381
1962,Ald16_19,262
1962,Ald20_24,275
1962,Ald25_29,317
1962,Ald30_34,305
1962,Ald35_39,288
1962,Ald40_44,282
1962,Ald45_49,316
1962,Ald50_54,390
1962,Ald55_59,413
1962,Ald60_64,388
1962,Ald65_69,421
1962,Ald70_74,461
1962,Ald75_79,304
1962,Ald80_w,359
2132,Ald0_5,614
2132,Ald6_9,465
2132,Ald10_15,629
2132,Ald16_19,381
2132,Ald20_24,408
2132,Ald25_29,538
2132,Ald30_34,484
2132,Ald35_39,421
2132,Ald40_44,485
2132,Ald45_49,591
2132,Ald50_54,674
2132,Ald55_59,632
2132,Ald60_64,637
2132,Ald65_69,733
2132,Ald70_74,740
2132,Ald75_79,498
2132,Ald80_w,585
2401,Ald0_5,430
2401,Ald6_9,303
2401,Ald10_15,469
2401,Ald16_19,354
2401,Ald20_24,321
2401,Ald25_29,367
2401,Ald30_34,353
2401,Ald35_39,340
2401,Ald40_44,391
2401,Ald45_49,439
2401,Ald50_54,492
2401,Ald55_59,440
2401,Ald60_64,475
2401,Ald65_69,552
2401,Ald70_74,505
2401,Ald75_79,384
2401,Ald80_w,497
581,Ald0_5,10218
581,Ald6_9,7057
581,Ald10_15,9978
581,Ald16_19,6290
581,Ald20_24,8891
581,Ald25_29,10920
581,Ald30_34,9710
581,Ald35_39,8604
581,Ald40_44,8829
581,Ald45_49,8815
581,Ald50_54,9491
581,Ald55_59,8069
581,Ald60_64,7619
581,Ald65_69,7255
581,Ald70_74,7665
581,Ald75_79,5262
581,Ald80_w,6820
188,Ald0_5,3752
188,Ald6_9,2580
188,Ald10_15,3664
188,Ald16_19,2514
188,Ald20_24,3070
188,Ald25_29,3820
188,Ald30_34,3459
188,Ald35_39,3149
188,Ald40_44,3107
188,Ald45_49,3590
188,Ald50_54,4406
188,Ald55_59,4130
188,Ald60_64,3985
188,Ald65_69,4260
188,Ald70_74,4854
188,Ald75_79,3399
188,Ald80_w,3950
2417,Ald0_5,257
2417,Ald6_9,174
2417,Ald10_15,279
2417,Ald16_19,189
2417,Ald20_24,172
2417,Ald25_29,209
2417,Ald30_34,208
2417,Ald35_39,198
2417,Ald40_44,193
2417,Ald45_49,225
2417,Ald50_54,278
2417,Ald55_59,277
2417,Ald60_64,302
2417,Ald65_69,314
2417,Ald70_74,298
2417,Ald75_79,215
2417,Ald80_w,301
881,Ald0_5,1401
881,Ald6_9,961
881,Ald10_15,1325
881,Ald16_19,884
881,Ald20_24,1013
881,Ald25_29,1265
881,Ald30_34,1199
881,Ald35_39,1040
881,Ald40_44,1029
881,Ald45_49,1232
881,Ald50_54,1406
881,Ald55_59,1320
881,Ald60_64,1253
881,Ald65_69,1218
881,Ald70_74,1304
881,Ald75_79,1059
881,Ald80_w,1420
140,Ald0_5,863
140,Ald6_9,655
140,Ald10_15,1013
140,Ald16_19,579
140,Ald20_24,471
140,Ald25_29,537
140,Ald30_34,635
140,Ald35_39,676
140,Ald40_44,805
140,Ald45_49,858
140,Ald50_54,835
140,Ald55_59,644
140,Ald60_64,516
140,Ald65_69,498
140,Ald70_74,570
140,Ald75_79,450
140,Ald80_w,314
480,Ald0_5,3924
480,Ald6_9,2670
480,Ald10_15,4032
480,Ald16_19,2440
480,Ald20_24,2790
480,Ald25_29,3445
480,Ald30_34,3313
480,Ald35_39,3140
480,Ald40_44,3211
480,Ald45_49,3420
480,Ald50_54,3665
480,Ald55_59,3378
480,Ald60_64,3235
480,Ald65_69,3356
480,Ald70_74,3716
480,Ald75_79,2694
480,Ald80_w,3516
192,Ald0_5,2035
192,Ald6_9,1331
192,Ald10_15,1876
192,Ald16_19,1232
192,Ald20_24,1390
192,Ald25_29,1801
192,Ald30_34,1658
192,Ald35_39,1574
192,Ald40_44,1667
192,Ald45_49,1999
192,Ald50_54,2092
192,Ald55_59,1718
192,Ald60_64,1659
192,Ald65_69,1609
192,Ald70_74,1891
192,Ald75_79,1314
192,Ald80_w,1386
682,Ald0_5,2493
682,Ald6_9,1503
682,Ald10_15,2333
682,Ald16_19,1495
682,Ald20_24,1814
682,Ald25_29,1969
682,Ald30_34,1964
682,Ald35_39,1710
682,Ald40_44,1745
682,Ald45_49,1930
682,Ald50_54,2124
682,Ald55_59,1926
682,Ald60_64,1774
682,Ald65_69,1769
682,Ald70_74,1809
682,Ald75_79,1276
682,Ald80_w,1811
2101,Ald0_5,342
2101,Ald6_9,230
2101,Ald10_15,357
2101,Ald16_19,217
2101,Ald20_24,276
2101,Ald25_29,388
2101,Ald30_34,283
2101,Ald35_39,291
2101,Ald40_44,282
2101,Ald45_49,362
2101,Ald50_54,425
2101,Ald55_59,417
2101,Ald60_64,411
2101,Ald65_69,492
2101,Ald70_74,498
2101,Ald75_79,265
2101,Ald80_w,358
1060,Ald0_5,828
1060,Ald6_9,609
1060,Ald10_15,870
1060,Ald16_19,561
1060,Ald20_24,725
1060,Ald25_29,840
1060,Ald30_34,697
1060,Ald35_39,636
1060,Ald40_44,680
1060,Ald45_49,820
1060,Ald50_54,1029
1060,Ald55_59,920
1060,Ald60_64,815
1060,Ald65_69,820
1060,Ald70_74,896
1060,Ald75_79,697
1060,Ald80_w,1052
2034,Ald0_5,338
2034,Ald6_9,269
2034,Ald10_15,424
2034,Ald16_19,324
2034,Ald20_24,372
2034,Ald25_29,431
2034,Ald30_34,359
2034,Ald35_39,301
2034,Ald40_44,299
2034,Ald45_49,433
2034,Ald50_54,528
2034,Ald55_59,451
2034,Ald60_64,484
2034,Ald65_69,516
2034,Ald70_74,489
2034,Ald75_79,353
2034,Ald80_w,517
1421,Ald0_5,789
1421,Ald6_9,584
1421,Ald10_15,913
1421,Ald16_19,632
1421,Ald20_24,692
1421,Ald25_29,657
1421,Ald30_34,682
1421,Ald35_39,654
1421,Ald40_44,791
1421,Ald45_49,928
1421,Ald50_54,1084
1421,Ald55_59,1082
1421,Ald60_64,1134
1421,Ald65_69,1230
1421,Ald70_74,1336
1421,Ald75_79,839
1421,Ald80_w,1064
1273,Ald0_5,858
1273,Ald6_9,679
1273,Ald10_15,922
1273,Ald16_19,597
1273,Ald20_24,699
1273,Ald25_29,745
1273,Ald30_34,759
1273,Ald35_39,717
1273,Ald40_44,732
1273,Ald45_49,815
1273,Ald50_54,872
1273,Ald55_59,790
1273,Ald60_64,779
1273,Ald65_69,829
1273,Ald70_74,848
1273,Ald75_79,655
1273,Ald80_w,947
882,Ald0_5,1776
882,Ald6_9,1192
882,Ald10_15,1841
882,Ald16_19,1200
882,Ald20_24,1425
882,Ald25_29,1689
882,Ald30_34,1498
882,Ald35_39,1449
882,Ald40_44,1544
882,Ald45_49,1818
882,Ald50_54,1854
882,Ald55_59,1566
882,Ald60_64,1547
882,Ald65_69,1692
882,Ald70_74,1741
882,Ald75_79,1424
882,Ald80_w,1657
2121,Ald0_5,722
2121,Ald6_9,493
2121,Ald10_15,738
2121,Ald16_19,502
2121,Ald20_24,558
2121,Ald25_29,700
2121,Ald30_34,603
2121,Ald35_39,585
2121,Ald40_44,559
2121,Ald45_49,708
2121,Ald50_54,790
2121,Ald55_59,762
2121,Ald60_64,772
2121,Ald65_69,844
2121,Ald70_74,925
2121,Ald75_79,590
2121,Ald80_w,828
481,Ald0_5,840
481,Ald6_9,542
481,Ald10_15,777
481,Ald16_19,430
481,Ald20_24,550
481,Ald25_29,713
481,Ald30_34,663
481,Ald35_39,653
481,Ald40_44,650
481,Ald45_49,646
481,Ald50_54,764
481,Ald55_59,734
481,Ald60_64,751
481,Ald65_69,835
481,Ald70_74,917
481,Ald75_79,700
481,Ald80_w,884
2521,Ald0_5,341
2521,Ald6_9,239
2521,Ald10_15,360
2521,Ald16_19,270
2521,Ald20_24,253
2521,Ald25_29,282
2521,Ald30_34,255
2521,Ald35_39,200
2521,Ald40_44,224
2521,Ald45_49,326
2521,Ald50_54,325
2521,Ald55_59,385
2521,Ald60_64,509
2521,Ald65_69,560
2521,Ald70_74,526
2521,Ald75_79,429
2521,Ald80_w,553
1402,Ald0_5,2949
1402,Ald6_9,2363
1402,Ald10_15,3033
1402,Ald16_19,1857
1402,Ald20_24,2083
1402,Ald25_29,2172
1402,Ald30_34,2403
1402,Ald35_39,2613
1402,Ald40_44,2719
1402,Ald45_49,2722
1402,Ald50_54,2715
1402,Ald55_59,2278
1402,Ald60_64,1985
1402,Ald65_69,1789
1402,Ald70_74,1708
1402,Ald75_79,1181
1402,Ald80_w,1826
1275,Ald0_5,540
1275,Ald6_9,374
1275,Ald10_15,572
1275,Ald16_19,365
1275,Ald20_24,391
1275,Ald25_29,491
1275,Ald30_34,471
1275,Ald35_39,407
1275,Ald40_44,385
1275,Ald45_49,437
1275,Ald50_54,535
1275,Ald55_59,464
1275,Ald60_64,436
1275,Ald65_69,422
1275,Ald70_74,410
1275,Ald75_79,321
1275,Ald80_w,444
2581,Ald0_5,2691
2581,Ald6_9,1772
2581,Ald10_15,2776
2581,Ald16_19,1948
2581,Ald20_24,2309
2581,Ald25_29,2718
2581,Ald30_34,2433
2581,Ald35_39,2331
2581,Ald40_44,2466
2581,Ald45_49,2725
2581,Ald50_54,2799
2581,Ald55_59,2558
2581,Ald60_64,2673
2581,Ald65_69,2740
2581,Ald70_74,2897
2581,Ald75_79,1867
2581,Ald80_w,2388
2303,Ald0_5,314
2303,Ald6_9,243
2303,Ald10_15,320
2303,Ald16_19,225
2303,Ald20_24,192
2303,Ald25_29,288
2303,Ald30_34,296
2303,Ald35_39,260
2303,Ald40_44,224
2303,Ald45_49,279
2303,Ald50_54,406
2303,Ald55_59,376
2303,Ald60_64,363
2303,Ald65_69,407
2303,Ald70_74,388
2303,Ald75_79,295
2303,Ald80_w,464
2409,Ald0_5,437
2409,Ald6_9,297
2409,Ald10_15,464
2409,Ald16_19,284
2409,Ald20_24,277
2409,Ald25_29,357
2409,Ald30_34,392
2409,Ald35_39,383
2409,Ald40_44,336
2409,Ald45_49,366
2409,Ald50_54,418
2409,Ald55_59,461
2409,Ald60_64,542
2409,Ald65_69,494
2409,Ald70_74,473
2409,Ald75_79,329
2409,Ald80_w,446
1081,Ald0_5,2087
1081,Ald6_9,1482
1081,Ald10_15,2134
1081,Ald16_19,1321
1081,Ald20_24,1391
1081,Ald25_29,1662
1081,Ald30_34,1677
1081,Ald35_39,1643
1081,Ald40_44,1703
1081,Ald45_49,1918
1081,Ald50_54,1968
1081,Ald55_59,1721
1081,Ald60_64,1719
1081,Ald65_69,1822
1081,Ald70_74,1950
1081,Ald75_79,1489
1081,Ald80_w,1969
2031,Ald0_5,523
2031,Ald6_9,372
2031,Ald10_15,669
2031,Ald16_19,431
2031,Ald20_24,504
2031,Ald25_29,538
2031,Ald30_34,485
2031,Ald35_39,456
2031,Ald40_44,558
2031,Ald45_49,613
2031,Ald50_54,701
2031,Ald55_59,718
2031,Ald60_64,766
2031,Ald65_69,923
2031,Ald70_74,1048
2031,Ald75_79,650
2031,Ald80_w,946
1981,Ald0_5,1515
1981,Ald6_9,1143
1981,Ald10_15,1516
1981,Ald16_19,1005
1981,Ald20_24,1159
1981,Ald25_29,1381
1981,Ald30_34,1265
1981,Ald35_39,1251
1981,Ald40_44,1212
1981,Ald45_49,1418
1981,Ald50_54,1511
1981,Ald55_59,1406
1981,Ald60_64,1405
1981,Ald65_69,1567
1981,Ald70_74,1567
1981,Ald75_79,1057
1981,Ald80_w,1417
128,Ald0_5,1301
128,Ald6_9,1007
128,Ald10_15,1616
128,Ald16_19,940
128,Ald20_24,869
128,Ald25_29,887
128,Ald30_34,911
128,Ald35_39,1042
128,Ald40_44,1210
128,Ald45_49,1316
128,Ald50_54,1281
128,Ald55_59,817
128,Ald60_64,663
128,Ald65_69,666
128,Ald70_74,823
128,Ald75_79,685
128,Ald80_w,732
2181,Ald0_5,2596
2181,Ald6_9,1709
2181,Ald10_15,2758
2181,Ald16_19,1798
2181,Ald20_24,2003
2181,Ald25_29,2434
2181,Ald30_34,2268
2181,Ald35_39,2023
2181,Ald40_44,2176
2181,Ald45_49,2546
2181,Ald50_54,2810
2181,Ald55_59,2393
2181,Ald60_64,2352
2181,Ald65_69,2372
2181,Ald70_74,2640
2181,Ald75_79,1918
2181,Ald80_w,2380
191,Ald0_5,4166
191,Ald6_9,2575
191,Ald10_15,3747
191,Ald16_19,2254
191,Ald20_24,2819
191,Ald25_29,3537
191,Ald30_34,3548
191,Ald35_39,3458
191,Ald40_44,3274
191,Ald45_49,3322
191,Ald50_54,3473
191,Ald55_59,2731
191,Ald60_64,2175
191,Ald65_69,1902
191,Ald70_74,1824
191,Ald75_79,1522
191,Ald80_w,1701
1291,Ald0_5,948
1291,Ald6_9,680
1291,Ald10_15,1077
1291,Ald16_19,775
1291,Ald20_24,879
1291,Ald25_29,903
1291,Ald30_34,826
1291,Ald35_39,732
1291,Ald40_44,879
1291,Ald45_49,982
1291,Ald50_54,1290
1291,Ald55_59,1383
1291,Ald60_64,1465
1291,Ald65_69,1721
1291,Ald70_74,1798
1291,Ald75_79,1278
1291,Ald80_w,1638
1265,Ald0_5,1308
1265,Ald6_9,900
1265,Ald10_15,1225
1265,Ald16_19,801
1265,Ald20_24,859
1265,Ald25_29,1148
1265,Ald30_34,1055
1265,Ald35_39,1052
1265,Ald40_44,1080
1265,Ald45_49,1261
1265,Ald50_54,1421
1265,Ald55_59,1334
1265,Ald60_64,1236
1265,Ald65_69,1301
1265,Ald70_74,1250
1265,Ald75_79,808
1265,Ald80_w,1080
1495,Ald0_5,1285
1495,Ald6_9,838
1495,Ald10_15,1335
1495,Ald16_19,864
1495,Ald20_24,1108
1495,Ald25_29,1179
1495,Ald30_34,1151
1495,Ald35_39,1028
1495,Ald40_44,1007
1495,Ald45_49,1214
1495,Ald50_54,1387
1495,Ald55_59,1129
1495,Ald60_64,1122
1495,Ald65_69,1089
1495,Ald70_74,1188
1495,Ald75_79,824
1495,Ald80_w,1058
2482,Ald0_5,4717
2482,Ald6_9,3257
2482,Ald10_15,4825
2482,Ald16_19,3255
2482,Ald20_24,3830
2482,Ald25_29,4642
2482,Ald30_34,4042
2482,Ald35_39,4083
2482,Ald40_44,4214
2482,Ald45_49,4430
2482,Ald50_54,4843
2482,Ald55_59,4511
2482,Ald60_64,4729
2482,Ald65_69,4602
2482,Ald70_74,4609
2482,Ald75_79,3387
2482,Ald80_w,4453
1904,Ald0_5,251
1904,Ald6_9,164
1904,Ald10_15,285
1904,Ald16_19,171
1904,Ald20_24,207
1904,Ald25_29,239
1904,Ald30_34,192
1904,Ald35_39,188
1904,Ald40_44,208
1904,Ald45_49,244
1904,Ald50_54,323
1904,Ald55_59,354
1904,Ald60_64,301
1904,Ald65_69,362
1904,Ald70_74,387
1904,Ald75_79,261
1904,Ald80_w,288
1264,Ald0_5,1125
1264,Ald6_9,728
1264,Ald10_15,1193
1264,Ald16_19,774
1264,Ald20_24,833
1264,Ald25_29,874
1264,Ald30_34,915
1264,Ald35_39,913
1264,Ald40_44,1018
1264,Ald45_49,1093
1264,Ald50_54,1176
1264,Ald55_59,1008
1264,Ald60_64,863
1264,Ald65_69,938
1264,Ald70_74,950
1264,Ald75_79,579
1264,Ald80_w,763
1496,Ald0_5,4015
1496,Ald6_9,2505
1496,Ald10_15,3546
1496,Ald16_19,2378
1496,Ald20_24,4015
1496,Ald25_29,4777
1496,Ald30_34,3941
1496,Ald35_39,3293
1496,Ald40_44,3074
1496,Ald45_49,3354
1496,Ald50_54,3775
1496,Ald55_59,3143
1496,Ald60_64,3023
1496,Ald65_69,2912
1496,Ald70_74,2852
1496,Ald75_79,2158
1496,Ald80_w,2934
2061,Ald0_5,675
2061,Ald6_9,472
2061,Ald10_15,688
2061,Ald16_19,400
2061,Ald20_24,426
2061,Ald25_29,506
2061,Ald30_34,592
2061,Ald35_39,557
2061,Ald40_44,556
2061,Ald45_49,626
2061,Ald50_54,802
2061,Ald55_59,745
2061,Ald60_64,804
2061,Ald65_69,853
2061,Ald70_74,925
2061,Ald75_79,581
2061,Ald80_w,678
2283,Ald0_5,1237
2283,Ald6_9,822
2283,Ald10_15,1215
2283,Ald16_19,880
2283,Ald20_24,853
2283,Ald25_29,983
2283,Ald30_34,1034
2283,Ald35_39,941
2283,Ald40_44,986
2283,Ald45_49,1060
2283,Ald50_54,1278
2283,Ald55_59,1265
2283,Ald60_64,1473
2283,Ald65_69,1426
2283,Ald70_74,1419
2283,Ald75_79,1066
2283,Ald80_w,1524
163,Ald0_5,5193
163,Ald6_9,4240
163,Ald10_15,6545
163,Ald16_19,3752
163,Ald20_24,3862
163,Ald25_29,4182
163,Ald30_34,4311
163,Ald35_39,4871
163,Ald40_44,5234
163,Ald45_49,5748
163,Ald50_54,5325
163,Ald55_59,4290
163,Ald60_64,3430
163,Ald65_69,3007
163,Ald70_74,3146
163,Ald75_79,2442
163,Ald80_w,2850
184,Ald0_5,6234
184,Ald6_9,3117
184,Ald10_15,3602
184,Ald16_19,2139
184,Ald20_24,4810
184,Ald25_29,9330
184,Ald30_34,9628
184,Ald35_39,7331
184,Ald40_44,5396
184,Ald45_49,4482
184,Ald50_54,4567
184,Ald55_59,4019
184,Ald60_64,3622
184,Ald65_69,3465
184,Ald70_74,3461
184,Ald75_79,2326
184,Ald80_w,3244
2422,Ald0_5,158
2422,Ald6_9,102
2422,Ald10_15,135
2422,Ald16_19,125
2422,Ald20_24,111
2422,Ald25_29,111
2422,Ald30_34,128
2422,Ald35_39,128
2422,Ald40_44,119
2422,Ald45_49,135
2422,Ald50_54,186
2422,Ald55_59,176
2422,Ald60_64,189
2422,Ald65_69,192
2422,Ald70_74,162
2422,Ald75_79,138
2422,Ald80_w,227
1427,Ald0_5,414
1427,Ald6_9,296
1427,Ald10_15,445
1427,Ald16_19,339
1427,Ald20_24,386
1427,Ald25_29,430
1427,Ald30_34,392
1427,Ald35_39,403
1427,Ald40_44,489
1427,Ald45_49,539
1427,Ald50_54,631
1427,Ald55_59,595
1427,Ald60_64,712
1427,Ald65_69,873
1427,Ald70_74,820
1427,Ald75_79,551
1427,Ald80_w,710
1230,Ald0_5,2078
1230,Ald6_9,1550
1230,Ald10_15,2152
1230,Ald16_19,1254
1230,Ald20_24,1016
1230,Ald25_29,1080
1230,Ald30_34,1383
1230,Ald35_39,1745
1230,Ald40_44,1865
1230,Ald45_49,1837
1230,Ald50_54,1749
1230,Ald55_59,1378
1230,Ald60_64,945
1230,Ald65_69,1062
1230,Ald70_74,1307
1230,Ald75_79,1069
1230,Ald80_w,1211
1415,Ald0_5,1865
1415,Ald6_9,1403
1415,Ald10_15,2185
1415,Ald16_19,1259
1415,Ald20_24,1370
1415,Ald25_29,1533
1415,Ald30_34,1470
1415,Ald35_39,1511
1415,Ald40_44,1744
1415,Ald45_49,1965
1415,Ald50_54,1981
1415,Ald55_59,1596
1415,Ald60_64,1460
1415,Ald65_69,1300
1415,Ald70_74,1463
1415,Ald75_79,1076
1415,Ald80_w,1298
180,Ald0_5,72338
180,Ald6_9,43871
180,Ald10_15,58160
180,Ald16_19,34844
180,Ald20_24,53653
180,Ald25_29,89885
180,Ald30_34,91629
180,Ald35_39,78584
180,Ald40_44,67119
180,Ald45_49,62498
180,Ald50_54,61343
180,Ald55_59,54457
180,Ald60_64,48464
180,Ald65_69,42246
180,Ald70_74,39401
180,Ald75_79,25999
180,Ald80_w,35213
1760,Ald0_5,235
1760,Ald6_9,151
1760,Ald10_15,264
1760,Ald16_19,188
1760,Ald20_24,187
1760,Ald25_29,198
1760,Ald30_34,201
1760,Ald35_39,182
1760,Ald40_44,193
1760,Ald45_49,247
1760,Ald50_54,307
1760,Ald55_59,280
1760,Ald60_64,308
1760,Ald65_69,304
1760,Ald70_74,354
1760,Ald75_79,213
1760,Ald80_w,239
2421,Ald0_5,338
2421,Ald6_9,251
2421,Ald10_15,349
2421,Ald16_19,244
2421,Ald20_24,303
2421,Ald25_29,308
2421,Ald30_34,270
2421,Ald35_39,305
2421,Ald40_44,285
2421,Ald45_49,293
2421,Ald50_54,425
2421,Ald55_59,408
2421,Ald60_64,452
2421,Ald65_69,458
2421,Ald70_74,397
2421,Ald75_79,342
2421,Ald80_w,484
486,Ald0_5,2397
486,Ald6_9,1832
486,Ald10_15,2809
486,Ald16_19,1655
486,Ald20_24,1594
486,Ald25_29,1895
486,Ald30_34,1924
486,Ald35_39,2033
486,Ald40_44,2287
486,Ald45_49,2433
486,Ald50_54,2588
486,Ald55_59,2096
486,Ald60_64,2092
486,Ald65_69,2195
486,Ald70_74,2479
486,Ald75_79,1617
486,Ald80_w,1800
1486,Ald0_5,981
1486,Ald6_9,667
1486,Ald10_15,838
1486,Ald16_19,542
1486,Ald20_24,634
1486,Ald25_29,872
1486,Ald30_34,840
1486,Ald35_39,823
1486,Ald40_44,839
1486,Ald45_49,828
1486,Ald50_54,839
1486,Ald55_59,775
1486,Ald60_64,787
1486,Ald65_69,821
1486,Ald70_74,802
1486,Ald75_79,603
1486,Ald80_w,732
2313,Ald0_5,720
2313,Ald6_9,481
2313,Ald10_15,663
2313,Ald16_19,460
2313,Ald20_24,548
2313,Ald25_29,685
2313,Ald30_34,551
2313,Ald35_39,534
2313,Ald40_44,574
2313,Ald45_49,623
2313,Ald50_54,744
2313,Ald55_59,803
2313,Ald60_64,894
2313,Ald65_69,876
2313,Ald70_74,963
2313,Ald75_79,655
2313,Ald80_w,918
183,Ald0_5,4166
183,Ald6_9,2402
183,Ald10_15,2775
183,Ald16_19,1571
183,Ald20_24,2703
183,Ald25_29,5765
183,Ald30_34,5634
183,Ald35_39,4408
183,Ald40_44,3570
183,Ald45_49,3099
183,Ald50_54,2931
183,Ald55_59,2601
183,Ald60_64,2463
183,Ald65_69,1977
183,Ald70_74,1764
183,Ald75_79,1197
183,Ald80_w,1425
2281,Ald0_5,6470
2281,Ald6_9,4557
2281,Ald10_15,7096
2281,Ald16_19,4290
2281,Ald20_24,5537
2281,Ald25_29,6588
2281,Ald30_34,6009
2281,Ald35_39,5719
2281,Ald40_44,6028
2281,Ald45_49,6621
2281,Ald50_54,6980
2281,Ald55_59,5802
2281,Ald60_64,5699
2281,Ald65_69,5585
2281,Ald70_74,5886
2281,Ald75_79,4454
2281,Ald80_w,5412
1766,Ald0_5,822
1766,Ald6_9,560
1766,Ald10_15,828
1766,Ald16_19,592
1766,Ald20_24,697
1766,Ald25_29,815
1766,Ald30_34,627
1766,Ald35_39,584
1766,Ald40_44,756
1766,Ald45_49,783
1766,Ald50_54,1007
1766,Ald55_59,950
1766,Ald60_64,964
1766,Ald65_69,921
1766,Ald70_74,850
1766,Ald75_79,610
1766,Ald80_w,894
1907,Ald0_5,682
1907,Ald6_9,486
1907,Ald10_15,701
1907,Ald16_19,460
1907,Ald20_24,439
1907,Ald25_29,547
1907,Ald30_34,532
1907,Ald35_39,507
1907,Ald40_44,614
1907,Ald45_49,642
1907,Ald50_54,707
1907,Ald55_59,628
1907,Ald60_64,609
1907,Ald65_69,695
1907,Ald70_74,716
1907,Ald75_79,510
1907,Ald80_w,596
1214,Ald0_5,1099
1214,Ald6_9,745
1214,Ald10_15,1077
1214,Ald16_19,681
1214,Ald20_24,739
1214,Ald25_29,857
1214,Ald30_34,897
1214,Ald35_39,868
1214,Ald40_44,933
1214,Ald45_49,1006
1214,Ald50_54,1013
1214,Ald55_59,828
1214,Ald60_64,777
1214,Ald65_69,756
1214,Ald70_74,751
1214,Ald75_79,493
1214,Ald80_w,591
1263,Ald0_5,1763
1263,Ald6_9,1411
1263,Ald10_15,1886
1263,Ald16_19,1046
1263,Ald20_24,851
1263,Ald25_29,993
1263,Ald30_34,1283
1263,Ald35_39,1497
1263,Ald40_44,1725
1263,Ald45_49,1587
1263,Ald50_54,1495
1263,Ald55_59,1122
1263,Ald60_64,1048
1263,Ald65_69,1103
1263,Ald70_74,1138
1263,Ald75_79,743
1263,Ald80_w,874
1465,Ald0_5,712
1465,Ald6_9,508
1465,Ald10_15,678
1465,Ald16_19,513
1465,Ald20_24,484
1465,Ald25_29,626
1465,Ald30_34,553
1465,Ald35_39,532
1465,Ald40_44,554
1465,Ald45_49,668
1465,Ald50_54,777
1465,Ald55_59,670
1465,Ald60_64,737
1465,Ald65_69,770
1465,Ald70_74,760
1465,Ald75_79,515
1465,Ald80_w,615
1785,Ald0_5,952
1785,Ald6_9,642
1785,Ald10_15,1061
1785,Ald16_19,716
1785,Ald20_24,770
1785,Ald25_29,906
1785,Ald30_34,786
1785,Ald35_39,702
1785,Ald40_44,774
1785,Ald45_49,976
1785,Ald50_54,1123
1785,Ald55_59,989
1785,Ald60_64,1035
1785,Ald65_69,1012
1785,Ald70_74,1122
1785,Ald75_79,830
1785,Ald80_w,1236
2082,Ald0_5,760
2082,Ald6_9,499
2082,Ald10_15,746
2082,Ald16_19,441
2082,Ald20_24,423
2082,Ald25_29,637
2082,Ald30_34,642
2082,Ald35_39,607
2082,Ald40_44,630
2082,Ald45_49,669
2082,Ald50_54,723
2082,Ald55_59,724
2082,Ald60_64,781
2082,Ald65_69,809
2082,Ald70_74,839
2082,Ald75_79,544
2082,Ald80_w,643
684,Ald0_5,881
684,Ald6_9,594
684,Ald10_15,867
684,Ald16_19,565
684,Ald20_24,631
684,Ald25_29,658
684,Ald30_34,618
684,Ald35_39,594
684,Ald40_44,669
684,Ald45_49,708
684,Ald50_54,747
684,Ald55_59,725
684,Ald60_64,642
684,Ald65_69,731
684,Ald70_74,709
684,Ald75_79,500
684,Ald80_w,780
2182,Ald0_5,1628
2182,Ald6_9,1082
2182,Ald10_15,1606
2182,Ald16_19,1059
2182,Ald20_24,1216
2182,Ald25_29,1510
2182,Ald30_34,1300
2182,Ald35_39,1096
2182,Ald40_44,1297
2182,Ald45_49,1604
2182,Ald50_54,1848
2182,Ald55_59,1667
2182,Ald60_64,1784
2182,Ald65_69,1899
2182,Ald70_74,1982
2182,Ald75_79,1328
2182,Ald80_w,1793
582,Ald0_5,1034
582,Ald6_9,757
582,Ald10_15,1015
582,Ald16_19,658
582,Ald20_24,549
582,Ald25_29,733
582,Ald30_34,764
582,Ald35_39,810
582,Ald40_44,892
582,Ald45_49,935
582,Ald50_54,1056
582,Ald55_59,870
582,Ald60_64,947
582,Ald65_69,1051
582,Ald70_74,1009
582,Ald75_79,738
582,Ald80_w,791
181,Ald0_5,7142
181,Ald6_9,4831
181,Ald10_15,7269
181,Ald16_19,4566
181,Ald20_24,5862
181,Ald25_29,7672
181,Ald30_34,7025
181,Ald35_39,6567
181,Ald40_44,6288
181,Ald45_49,6760
181,Ald50_54,6839
181,Ald55_59,5836
181,Ald60_64,4979
181,Ald65_69,4150
181,Ald70_74,4189
181,Ald75_79,3265
181,Ald80_w,3946
1083,Ald0_5,1030
1083,Ald6_9,787
1083,Ald10_15,1157
1083,Ald16_19,744
1083,Ald20_24,866
1083,Ald25_29,979
1083,Ald30_34,922
1083,Ald35_39,925
1083,Ald40_44,1010
1083,Ald45_49,1076
1083,Ald50_54,1256
1083,Ald55_59,1135
1083,Ald60_64,1110
1083,Ald65_69,1152
1083,Ald70_74,1216
1083,Ald75_79,928
1083,Ald80_w,1160
1435,Ald0_5,812
1435,Ald6_9,571
1435,Ald10_15,762
1435,Ald16_19,507
1435,Ald20_24,576
1435,Ald25_29,690
1435,Ald30_34,674
1435,Ald35_39,637
1435,Ald40_44,652
1435,Ald45_49,750
1435,Ald50_54,820
1435,Ald55_59,848
1435,Ald60_64,909
1435,Ald65_69,1045
1435,Ald70_74,1012
1435,Ald75_79,724
1435,Ald80_w,878
1472,Ald0_5,734
1472,Ald6_9,504
1472,Ald10_15,787
1472,Ald16_19,483
1472,Ald20_24,580
1472,Ald25_29,678
1472,Ald30_34,650
1472,Ald35_39,586
1472,Ald40_44,620
1472,Ald45_49,708
1472,Ald50_54,757
1472,Ald55_59,673
1472,Ald60_64,690
1472,Ald65_69,668
1472,Ald70_74,713
1472,Ald75_79,570
1472,Ald80_w,759
1498,Ald0_5,872
1498,Ald6_9,594
1498,Ald10_15,810
1498,Ald16_19,593
1498,Ald20_24,657
1498,Ald25_29,871
1498,Ald30_34,735
1498,Ald35_39,625
1498,Ald40_44,673
1498,Ald45_49,803
1498,Ald50_54,948
1498,Ald55_59,832
1498,Ald60_64,798
1498,Ald65_69,741
1498,Ald70_74,801
1498,Ald75_79,603
1498,Ald80_w,858
360,Ald0_5,1525
360,Ald6_9,971
360,Ald10_15,1370
360,Ald16_19,881
360,Ald20_24,1183
360,Ald25_29,1273
360,Ald30_34,1223
360,Ald35_39,1128
360,Ald40_44,1154
360,Ald45_49,1327
360,Ald50_54,1466
360,Ald55_59,1305
360,Ald60_64,1321
360,Ald65_69,1284
360,Ald70_74,1414
360,Ald75_79,968
360,Ald80_w,1319
2262,Ald0_5,1131
2262,Ald6_9,818
2262,Ald10_15,1302
2262,Ald16_19,908
2262,Ald20_24,909
2262,Ald25_29,1051
2262,Ald30_34,929
2262,Ald35_39,957
2262,Ald40_44,1095
2262,Ald45_49,1286
2262,Ald50_54,1344
2262,Ald55_59,1078
2262,Ald60_64,1097
2262,Ald65_69,1108
2262,Ald70_74,1268
2262,Ald75_79,827
2262,Ald80_w,929
763,Ald0_5,748
763,Ald6_9,513
763,Ald10_15,801
763,Ald16_19,565
763,Ald20_24,564
763,Ald25_29,663
763,Ald30_34,573
763,Ald35_39,612
763,Ald40_44,631
763,Ald45_49,745
763,Ald50_54,856
763,Ald55_59,796
763,Ald60_64,870
763,Ald65_69,897
763,Ald70_74,863
763,Ald75_79,630
763,Ald80_w,1073
1419,Ald0_5,1040
1419,Ald6_9,677
1419,Ald10_15,1058
1419,Ald16_19,646
1419,Ald20_24,684
1419,Ald25_29,746
1419,Ald30_34,823
1419,Ald35_39,795
1419,Ald40_44,848
1419,Ald45_49,927
1419,Ald50_54,1140
1419,Ald55_59,1093
1419,Ald60_64,1118
1419,Ald65_69,1301
1419,Ald70_74,1243
1419,Ald75_79,821
1419,Ald80_w,950
1270,Ald0_5,885
1270,Ald6_9,623
1270,Ald10_15,920
1270,Ald16_19,632
1270,Ald20_24,684
1270,Ald25_29,757
1270,Ald30_34,767
1270,Ald35_39,819
1270,Ald40_44,708
1270,Ald45_49,786
1270,Ald50_54,820
1270,Ald55_59,879
1270,Ald60_64,922
1270,Ald65_69,912
1270,Ald70_74,905
1270,Ald75_79,654
1270,Ald80_w,869
1737,Ald0_5,635
1737,Ald6_9,464
1737,Ald10_15,615
1737,Ald16_19,472
1737,Ald20_24,581
1737,Ald25_29,637
1737,Ald30_34,613
1737,Ald35_39,536
1737,Ald40_44,615
1737,Ald45_49,682
1737,Ald50_54,820
1737,Ald55_59,804
1737,Ald60_64,893
1737,Ald65_69,830
1737,Ald70_74,913
1737,Ald75_79,627
1737,Ald80_w,972
834,Ald0_5,418
834,Ald6_9,288
834,Ald10_15,491
834,Ald16_19,318
834,Ald20_24,270
834,Ald25_29,360
834,Ald30_34,322
834,Ald35_39,325
834,Ald40_44,372
834,Ald45_49,432
834,Ald50_54,542
834,Ald55_59,487
834,Ald60_64,485
834,Ald65_69,552
834,Ald70_74,563
834,Ald75_79,371
834,Ald80_w,499
1452,Ald0_5,770
1452,Ald6_9,582
1452,Ald10_15,817
1452,Ald16_19,591
1452,Ald20_24,564
1452,Ald25_29,639
1452,Ald30_34,651
1452,Ald35_39,664
1452,Ald40_44,644
1452,Ald45_49,730
1452,Ald50_54,850
1452,Ald55_59,764
1452,Ald60_64,714
1452,Ald65_69,799
1452,Ald70_74,789
1452,Ald75_79,537
1452,Ald80_w,761
687,Ald0_5,1197
687,Ald6_9,911
687,Ald10_15,1405
687,Ald16_19,896
687,Ald20_24,1100
687,Ald25_29,1207
687,Ald30_34,1053
687,Ald35_39,935
687,Ald40_44,1077
687,Ald45_49,1192
687,Ald50_54,1272
687,Ald55_59,1065
687,Ald60_64,1050
687,Ald65_69,1076
687,Ald70_74,1215
687,Ald75_79,925
687,Ald80_w,1394
1287,Ald0_5,3118
1287,Ald6_9,2128
1287,Ald10_15,3218
1287,Ald16_19,1915
1287,Ald20_24,2270
1287,Ald25_29,2682
1287,Ald30_34,2596
1287,Ald35_39,2652
1287,Ald40_44,2795
1287,Ald45_49,3073
1287,Ald50_54,3279
1287,Ald55_59,2896
1287,Ald60_64,2589
1287,Ald65_69,2513
1287,Ald70_74,2643
1287,Ald75_79,1956
1287,Ald80_w,2515
1488,Ald0_5,4257
1488,Ald6_9,2865
1488,Ald10_15,4331
1488,Ald16_19,2757
1488,Ald20_24,3906
1488,Ald25_29,4545
1488,Ald30_34,3712
1488,Ald35_39,3316
1488,Ald40_44,3531
1488,Ald45_49,3756
1488,Ald50_54,3987
1488,Ald55_59,3445
1488,Ald60_64,3073
1488,Ald65_69,3000
1488,Ald70_74,2944
1488,Ald75_79,2212
1488,Ald80_w,2998
488,Ald0_5,919
488,Ald6_9,660
488,Ald10_15,963
488,Ald16_19,614
488,Ald20_24,554
488,Ald25_29,717
488,Ald30_34,609
488,Ald35_39,762
488,Ald40_44,816
488,Ald45_49,900
488,Ald50_54,971
488,Ald55_59,767
488,Ald60_64,800
488,Ald65_69,938
488,Ald70_74,1005
488,Ald75_79,694
488,Ald80_w,608
138,Ald0_5,3453
138,Ald6_9,2683
138,Ald10_15,4224
138,Ald16_19,2587
138,Ald20_24,2628
138,Ald25_29,2699
138,Ald30_34,2632
138,Ald35_39,2929
138,Ald40_44,3424
138,Ald45_49,3920
138,Ald50_54,3850
138,Ald55_59,2854
138,Ald60_64,2102
138,Ald65_69,1836
138,Ald70_74,2243
138,Ald75_79,1835
138,Ald80_w,2028
160,Ald0_5,4852
160,Ald6_9,4212
160,Ald10_15,6390
160,Ald16_19,3630
160,Ald20_24,3680
160,Ald25_29,3620
160,Ald30_34,3388
160,Ald35_39,4362
160,Ald40_44,5108
160,Ald45_49,5600
160,Ald50_54,5432
160,Ald55_59,4195
160,Ald60_64,3298
160,Ald65_69,3031
160,Ald70_74,3886
160,Ald75_79,2963
160,Ald80_w,3681
1473,Ald0_5,580
1473,Ald6_9,396
1473,Ald10_15,611
1473,Ald16_19,421
1473,Ald20_24,482
1473,Ald25_29,512
1473,Ald30_34,466
1473,Ald35_39,474
1473,Ald40_44,473
1473,Ald45_49,543
1473,Ald50_54,651
1473,Ald55_59,685
1473,Ald60_64,651
1473,Ald65_69,672
1473,Ald70_74,660
1473,Ald75_79,453
1473,Ald80_w,566
1485,Ald0_5,4059
1485,Ald6_9,2848
1485,Ald10_15,3924
1485,Ald16_19,2440
1485,Ald20_24,3268
1485,Ald25_29,4052
1485,Ald30_34,3408
1485,Ald35_39,3110
1485,Ald40_44,3253
1485,Ald45_49,3509
1485,Ald50_54,3839
1485,Ald55_59,3377
1485,Ald60_64,3312
1485,Ald65_69,3072
1485,Ald70_74,3058
1485,Ald75_79,2301
1485,Ald80_w,3373
1491,Ald0_5,1620
1491,Ald6_9,1135
1491,Ald10_15,1708
1491,Ald16_19,1139
1491,Ald20_24,1193
1491,Ald25_29,1456
1491,Ald30_34,1293
1491,Ald35_39,1374
1491,Ald40_44,1398
1491,Ald45_49,1521
1491,Ald50_54,1785
1491,Ald55_59,1507
1491,Ald60_64,1553
1491,Ald65_69,1500
1491,Ald70_74,1569
1491,Ald75_79,1135
1491,Ald80_w,1547
2480,Ald0_5,9020
2480,Ald6_9,6039
2480,Ald10_15,8119
2480,Ald16_19,5157
2480,Ald20_24,11538
2480,Ald25_29,12448
2480,Ald30_34,9626
2480,Ald35_39,8479
2480,Ald40_44,7888
2480,Ald45_49,7358
2480,Ald50_54,7527
2480,Ald55_59,6301
2480,Ald60_64,6249
2480,Ald65_69,6107
2480,Ald70_74,5934
2480,Ald75_79,4018
2480,Ald80_w,5218
114,Ald0_5,3609
114,Ald6_9,2291
114,Ald10_15,3387
114,Ald16_19,2097
114,Ald20_24,2521
114,Ald25_29,3115
114,Ald30_34,3232
114,Ald35_39,3265
114,Ald40_44,3203
114,Ald45_49,3309
114,Ald50_54,3197
114,Ald55_59,2516
114,Ald60_64,2070
114,Ald65_69,2070
114,Ald70_74,2236
114,Ald75_79,1650
114,Ald80_w,1694
139,Ald0_5,2474
139,Ald6_9,1682
139,Ald10_15,2275
139,Ald16_19,1339
139,Ald20_24,1634
139,Ald25_29,2007
139,Ald30_34,1968
139,Ald35_39,2082
139,Ald40_44,2029
139,Ald45_49,1942
139,Ald50_54,1882
139,Ald55_59,1579
139,Ald60_64,1340
139,Ald65_69,1249
139,Ald70_74,1495
139,Ald75_79,849
139,Ald80_w,886
380,Ald0_5,15875
380,Ald6_9,10663
380,Ald10_15,14847
380,Ald16_19,9472
380,Ald20_24,19500
380,Ald25_29,21908
380,Ald30_34,17557
380,Ald35_39,14638
380,Ald40_44,13687
380,Ald45_49,13214
380,Ald50_54,13205
380,Ald55_59,11467
380,Ald60_64,11214
380,Ald65_69,10612
380,Ald70_74,10809
380,Ald75_79,7126
380,Ald80_w,9088
760,Ald0_5,656
760,Ald6_9,421
760,Ald10_15,674
760,Ald16_19,474
760,Ald20_24,464
760,Ald25_29,592
760,Ald30_34,519
760,Ald35_39,476
760,Ald40_44,578
760,Ald45_49,621
760,Ald50_54,658
760,Ald55_59,584
760,Ald60_64,544
760,Ald65_69,620
760,Ald70_74,595
760,Ald75_79,453
760,Ald80_w,630
584,Ald0_5,404
584,Ald6_9,274
584,Ald10_15,454
584,Ald16_19,317
584,Ald20_24,330
584,Ald25_29,355
584,Ald30_34,349
584,Ald35_39,320
584,Ald40_44,344
584,Ald45_49,467
584,Ald50_54,519
584,Ald55_59,529
584,Ald60_64,506
584,Ald65_69,591
584,Ald70_74,650
584,Ald75_79,475
584,Ald80_w,627
665,Ald0_5,1079
665,Ald6_9,752
665,Ald10_15,1105
665,Ald16_19,649
665,Ald20_24,638
665,Ald25_29,788
665,Ald30_34,961
665,Ald35_39,800
665,Ald40_44,868
665,Ald45_49,943
665,Ald50_54,917
665,Ald55_59,862
665,Ald60_64,835
665,Ald65_69,732
665,Ald70_74,769
665,Ald75_79,592
665,Ald80_w,686
563,Ald0_5,456
563,Ald6_9,302
563,Ald10_15,479
563,Ald16_19,329
563,Ald20_24,334
563,Ald25_29,402
563,Ald30_34,367
563,Ald35_39,360
563,Ald40_44,382
563,Ald45_49,445
563,Ald50_54,540
563,Ald55_59,522
563,Ald60_64,535
563,Ald65_69,707
563,Ald70_74,756
563,Ald75_79,485
563,Ald80_w,545
115,Ald0_5,2619
115,Ald6_9,2082
115,Ald10_15,2988
115,Ald16_19,1712
115,Ald20_24,1702
115,Ald25_29,1634
115,Ald30_34,1829
115,Ald35_39,2240
115,Ald40_44,2528
115,Ald45_49,2720
115,Ald50_54,2573
115,Ald55_59,1939
115,Ald60_64,1600
115,Ald65_69,1368
115,Ald70_74,1449
115,Ald75_79,1190
115,Ald80_w,1226
2021,Ald0_5,382
2021,Ald6_9,301
2021,Ald10_15,434
2021,Ald16_19,324
2021,Ald20_24,316
2021,Ald25_29,404
2021,Ald30_34,360
2021,Ald35_39,293
2021,Ald40_44,327
2021,Ald45_49,457
2021,Ald50_54,462
2021,Ald55_59,473
2021,Ald60_64,416
2021,Ald65_69,474
2021,Ald70_74,504
2021,Ald75_79,382
2021,Ald80_w,497
1470,Ald0_5,1016
1470,Ald6_9,768
1470,Ald10_15,1069
1470,Ald16_19,689
1470,Ald20_24,806
1470,Ald25_29,969
1470,Ald30_34,814
1470,Ald35_39,873
1470,Ald40_44,916
1470,Ald45_49,1036
1470,Ald50_54,1115
1470,Ald55_59,1008
1470,Ald60_64,1117
1470,Ald65_69,1016
1470,Ald70_74,1005
1470,Ald75_79,745
1470,Ald80_w,976
1383,Ald0_5,4317
1383,Ald6_9,3129
1383,Ald10_15,4395
1383,Ald16_19,2685
1383,Ald20_24,3100
1383,Ald25_29,3904
1383,Ald30_34,3801
1383,Ald35_39,3649
1383,Ald40_44,3765
1383,Ald45_49,3921
1383,Ald50_54,4182
1383,Ald55_59,3869
1383,Ald60_64,4042
1383,Ald65_69,4031
1383,Ald70_74,4210
1383,Ald75_79,2805
1383,Ald80_w,3799
187,Ald0_5,760
187,Ald6_9,663
187,Ald10_15,1152
187,Ald16_19,649
187,Ald20_24,560
187,Ald25_29,471
187,Ald30_34,465
187,Ald35_39,616
187,Ald40_44,810
187,Ald45_49,995
187,Ald50_54,975
187,Ald55_59,778
187,Ald60_64,653
187,Ald65_69,709
187,Ald70_74,811
187,Ald75_79,505
187,Ald80_w,440
1233,Ald0_5,2576
1233,Ald6_9,1993
1233,Ald10_15,3148
1233,Ald16_19,1846
1233,Ald20_24,1487
1233,Ald25_29,1257
1233,Ald30_34,1566
1233,Ald35_39,2000
1233,Ald40_44,2501
1233,Ald45_49,2874
1233,Ald50_54,2984
1233,Ald55_59,2141
1233,Ald60_64,1879
1233,Ald65_69,1979
1233,Ald70_74,2495
1233,Ald75_79,1842
1233,Ald80_w,1906
685,Ald0_5,1913
685,Ald6_9,1371
685,Ald10_15,1903
685,Ald16_19,1310
685,Ald20_24,1441
685,Ald25_29,1685
685,Ald30_34,1517
685,Ald35_39,1423
685,Ald40_44,1449
685,Ald45_49,1749
685,Ald50_54,1882
685,Ald55_59,1658
685,Ald60_64,1657
685,Ald65_69,1713
685,Ald70_74,1706
685,Ald75_79,1305
685,Ald80_w,1811
2462,Ald0_5,373
2462,Ald6_9,282
2462,Ald10_15,477
2462,Ald16_19,337
2462,Ald20_24,352
2462,Ald25_29,415
2462,Ald30_34,379
2462,Ald35_39,308
2462,Ald40_44,329
2462,Ald45_49,354
2462,Ald50_54,410
2462,Ald55_59,473
2462,Ald60_64,498
2462,Ald65_69,496
2462,Ald70_74,457
2462,Ald75_79,348
2462,Ald80_w,460
884,Ald0_5,1008
884,Ald6_9,731
884,Ald10_15,1041
884,Ald16_19,718
884,Ald20_24,817
884,Ald25_29,1009
884,Ald30_34,872
884,Ald35_39,799
884,Ald40_44,819
884,Ald45_49,984
884,Ald50_54,1058
884,Ald55_59,1050
884,Ald60_64,970
884,Ald65_69,1018
884,Ald70_74,1034
884,Ald75_79,760
884,Ald80_w,1067
2404,Ald0_5,337
2404,Ald6_9,279
2404,Ald10_15,363
2404,Ald16_19,240
2404,Ald20_24,224
2404,Ald25_29,260
2404,Ald30_34,282
2404,Ald35_39,277
2404,Ald40_44,314
2404,Ald45_49,312
2404,Ald50_54,325
2404,Ald55_59,325
2404,Ald60_64,380
2404,Ald65_69,388
2404,Ald70_74,432
2404,Ald75_79,270
2404,Ald80_w,426
428,Ald0_5,617
428,Ald6_9,416
428,Ald10_15,669
428,Ald16_19,459
428,Ald20_24,449
428,Ald25_29,504
428,Ald30_34,382
428,Ald35_39,411
428,Ald40_44,473
428,Ald45_49,562
428,Ald50_54,603
428,Ald55_59,615
428,Ald60_64,589
428,Ald65_69,677
428,Ald70_74,721
428,Ald75_79,457
428,Ald80_w,529
1442,Ald0_5,905
1442,Ald6_9,575
1442,Ald10_15,860
1442,Ald16_19,534
1442,Ald20_24,639
1442,Ald25_29,711
1442,Ald30_34,696
1442,Ald35_39,632
1442,Ald40_44,699
1442,Ald45_49,777
1442,Ald50_54,803
1442,Ald55_59,688
1442,Ald60_64,685
1442,Ald65_69,708
1442,Ald70_74,705
1442,Ald75_79,447
1442,Ald80_w,582
1487,Ald0_5,2760
1487,Ald6_9,1967
1487,Ald10_15,2899
1487,Ald16_19,1857
1487,Ald20_24,2081
1487,Ald25_29,2482
1487,Ald30_34,2281
1487,Ald35_39,2078
1487,Ald40_44,2182
1487,Ald45_49,2469
1487,Ald50_54,2781
1487,Ald55_59,2435
1487,Ald60_64,2323
1487,Ald65_69,2267
1487,Ald70_74,2339
1487,Ald75_79,1834
1487,Ald80_w,2341
2460,Ald0_5,672
2460,Ald6_9,460
2460,Ald10_15,631
2460,Ald16_19,464
2460,Ald20_24,452
2460,Ald25_29,563
2460,Ald30_34,542
2460,Ald35_39,474
2460,Ald40_44,525
2460,Ald45_49,535
2460,Ald50_54,580
2460,Ald55_59,532
2460,Ald60_64,476
2460,Ald65_69,505
2460,Ald70_74,494
2460,Ald75_79,368
2460,Ald80_w,509
120,Ald0_5,3338
120,Ald6_9,2500
120,Ald10_15,3933
120,Ald16_19,2258
120,Ald20_24,2140
120,Ald25_29,2348
120,Ald30_34,2436
120,Ald35_39,2627
120,Ald40_44,3204
120,Ald45_49,3681
120,Ald50_54,3458
120,Ald55_59,2691
120,Ald60_64,2322
120,Ald65_69,2154
120,Ald70_74,2392
120,Ald75_79,1445
120,Ald80_w,1412
683,Ald0_5,2345
683,Ald6_9,1691
683,Ald10_15,2462
683,Ald16_19,1634
683,Ald20_24,1838
683,Ald25_29,2156
683,Ald30_34,2016
683,Ald35_39,1948
683,Ald40_44,1960
683,Ald45_49,2248
683,Ald50_54,2448
683,Ald55_59,2238
683,Ald60_64,2179
683,Ald65_69,1927
683,Ald70_74,1846
683,Ald75_79,1460
683,Ald80_w,2003
883,Ald0_5,2182
883,Ald6_9,1544
883,Ald10_15,2309
883,Ald16_19,1515
883,Ald20_24,1660
883,Ald25_29,2083
883,Ald30_34,1798
883,Ald35_39,1691
883,Ald40_44,1880
883,Ald45_49,2188
883,Ald50_54,2525
883,Ald55_59,2388
883,Ald60_64,2564
883,Ald65_69,2608
883,Ald70_74,2909
883,Ald75_79,2116
883,Ald80_w,2697
1980,Ald0_5,10901
1980,Ald6_9,7333
1980,Ald10_15,10763
1980,Ald16_19,6797
1980,Ald20_24,9186
1980,Ald25_29,11294
1980,Ald30_34,10310
1980,Ald35_39,9213
1980,Ald40_44,9351
1980,Ald45_49,9962
1980,Ald50_54,10553
1980,Ald55_59,8819
1980,Ald60_64,7858
1980,Ald65_69,7504
1980,Ald70_74,8182
1980,Ald75_79,5945
1980,Ald80_w,7883
780,Ald0_5,6770
780,Ald6_9,4682
780,Ald10_15,6581
780,Ald16_19,4217
780,Ald20_24,7165
780,Ald25_29,7585
780,Ald30_34,6269
780,Ald35_39,5790
780,Ald40_44,5522
780,Ald45_49,5514
780,Ald50_54,5780
780,Ald55_59,4683
780,Ald60_64,4674
780,Ald65_69,4605
780,Ald70_74,4701
780,Ald75_79,3320
780,Ald80_w,4613
512,Ald0_5,229
512,Ald6_9,146
512,Ald10_15,247
512,Ald16_19,175
512,Ald20_24,137
512,Ald25_29,172
512,Ald30_34,169
512,Ald35_39,165
512,Ald40_44,211
512,Ald45_49,220
512,Ald50_54,251
512,Ald55_59,251
512,Ald60_64,282
512,Ald65_69,286
512,Ald70_74,329
512,Ald75_79,206
512,Ald80_w,265
1286,Ald0_5,1759
1286,Ald6_9,1265
1286,Ald10_15,1956
1286,Ald16_19,1206
1286,Ald20_24,1438
1286,Ald25_29,1619
1286,Ald30_34,1534
1286,Ald35_39,1614
1286,Ald40_44,1669
1286,Ald45_49,1819
1286,Ald50_54,2099
1286,Ald55_59,1898
1286,Ald60_64,2129
1286,Ald65_69,2137
1286,Ald70_74,2295
1286,Ald75_79,1650
1286,Ald80_w,2113
1492,Ald0_5,757
1492,Ald6_9,575
1492,Ald10_15,907
1492,Ald16_19,624
1492,Ald20_24,641
1492,Ald25_29,675
1492,Ald30_34,623
1492,Ald35_39,595
1492,Ald40_44,698
1492,Ald45_49,782
1492,Ald50_54,904
1492,Ald55_59,808
1492,Ald60_64,844
1492,Ald65_69,799
1492,Ald70_74,871
1492,Ald75_79,678
1492,Ald80_w,935
2260,Ald0_5,506
2260,Ald6_9,337
2260,Ald10_15,602
2260,Ald16_19,411
2260,Ald20_24,426
2260,Ald25_29,538
2260,Ald30_34,448
2260,Ald35_39,397
2260,Ald40_44,491
2260,Ald45_49,533
2260,Ald50_54,735
2260,Ald55_59,690
2260,Ald60_64,718
2260,Ald65_69,702
2260,Ald70_74,660
2260,Ald75_79,491
2260,Ald80_w,717
2321,Ald0_5,799
2321,Ald6_9,567
2321,Ald10_15,818
2321,Ald16_19,515
2321,Ald20_24,650
2321,Ald25_29,911
2321,Ald30_34,868
2321,Ald35_39,767
2321,Ald40_44,784
2321,Ald45_49,705
2321,Ald50_54,761
2321,Ald55_59,685
2321,Ald60_64,698
2321,Ald65_69,580
2321,Ald70_74,562
2321,Ald75_79,386
2321,Ald80_w,464
1765,Ald0_5,603
1765,Ald6_9,443
1765,Ald10_15,640
1765,Ald16_19,476
1765,Ald20_24,512
1765,Ald25_29,594
1765,Ald30_34,548
1765,Ald35_39,518
1765,Ald40_44,559
1765,Ald45_49,690
1765,Ald50_54,716
1765,Ald55_59,599
1765,Ald60_64,671
1765,Ald65_69,637
1765,Ald70_74,682
1765,Ald75_79,470
1765,Ald80_w,648
2463,Ald0_5,150
2463,Ald6_9,91
2463,Ald10_15,180
2463,Ald16_19,133
2463,Ald20_24,147
2463,Ald25_29,169
2463,Ald30_34,101
2463,Ald35_39,117
2463,Ald40_44,142
2463,Ald45_49,146
2463,Ald50_54,176
2463,Ald55_59,179
2463,Ald60_64,226
2463,Ald65_69,217
2463,Ald70_74,225
2463,Ald75_79,168
2463,Ald80_w,250
1277,Ald0_5,1264
1277,Ald6_9,895
1277,Ald10_15,1372
1277,Ald16_19,814
1277,Ald20_24,818
1277,Ald25_29,980
1277,Ald30_34,1006
1277,Ald35_39,990
1277,Ald40_44,1114
1277,Ald45_49,1116
1277,Ald50_54,1111
1277,Ald55_59,830
1277,Ald60_64,801
1277,Ald65_69,819
1277,Ald70_74,804
1277,Ald75_79,557
1277,Ald80_w,677
561,Ald0_5,761
561,Ald6_9,477
561,Ald10_15,781
561,Ald16_19,505
561,Ald20_24,555
561,Ald25_29,620
561,Ald30_34,564
561,Ald35_39,544
561,Ald40_44,659
561,Ald45_49,781
561,Ald50_54,803
561,Ald55_59,736
561,Ald60_64,719
561,Ald65_69,798
561,Ald70_74,807
561,Ald75_79,623
561,Ald80_w,794
765,Ald0_5,1394
765,Ald6_9,1013
765,Ald10_15,1318
765,Ald16_19,769
765,Ald20_24,825
765,Ald25_29,1019
765,Ald30_34,1135
765,Ald35_39,1241
765,Ald40_44,1159
765,Ald45_49,1146
765,Ald50_54,1135
765,Ald55_59,995
765,Ald60_64,927
765,Ald65_69,946
765,Ald70_74,884
765,Ald75_79,641
765,Ald80_w,1013
2039,Ald0_5,367
2039,Ald6_9,304
2039,Ald10_15,498
2039,Ald16_19,312
2039,Ald20_24,321
2039,Ald25_29,379
2039,Ald30_34,350
2039,Ald35_39,353
2039,Ald40_44,373
2039,Ald45_49,417
2039,Ald50_54,478
2039,Ald55_59,488
2039,Ald60_64,490
2039,Ald65_69,493
2039,Ald70_74,545
2039,Ald75_79,407
2039,Ald80_w,543
319,Ald0_5,602
319,Ald6_9,475
319,Ald10_15,655
319,Ald16_19,396
319,Ald20_24,427
319,Ald25_29,557
319,Ald30_34,495
319,Ald35_39,463
319,Ald40_44,569
319,Ald45_49,577
319,Ald50_54,654
319,Ald55_59,624
319,Ald60_64,624
319,Ald65_69,611
319,Ald70_74,649
319,Ald75_79,439
319,Ald80_w,543
2560,Ald0_5,464
2560,Ald6_9,362
2560,Ald10_15,542
2560,Ald16_19,402
2560,Ald20_24,399
2560,Ald25_29,484
2560,Ald30_34,444
2560,Ald35_39,405
2560,Ald40_44,458
2560,Ald45_49,493
2560,Ald50_54,543
2560,Ald55_59,505
2560,Ald60_64,513
2560,Ald65_69,550
2560,Ald70_74,556
2560,Ald75_79,412
2560,Ald80_w,608
1292,Ald0_5,2862
1292,Ald6_9,1982
1292,Ald10_15,2909
1292,Ald16_19,1746
1292,Ald20_24,2045
1292,Ald25_29,2494
1292,Ald30_34,2419
1292,Ald35_39,2304
1292,Ald40_44,2603
1292,Ald45_49,2773
1292,Ald50_54,2979
1292,Ald55_59,2533
1292,Ald60_64,2494
1292,Ald65_69,2525
1292,Ald70_74,2719
1292,Ald75_79,1949
1292,Ald80_w,2768
1407,Ald0_5,765
1407,Ald6_9,601
1407,Ald10_15,1025
1407,Ald16_19,652
1407,Ald20_24,651
1407,Ald25_29,546
1407,Ald30_34,539
1407,Ald35_39,624
1407,Ald40_44,748
1407,Ald45_49,884
1407,Ald50_54,974
1407,Ald55_59,901
1407,Ald60_64,856
1407,Ald65_69,863
1407,Ald70_74,934
1407,Ald75_79,609
1407,Ald80_w,765
509,Ald0_5,353
509,Ald6_9,208
509,Ald10_15,369
509,Ald16_19,229
509,Ald20_24,265
509,Ald25_29,277
509,Ald30_34,255
509,Ald35_39,257
509,Ald40_44,304
509,Ald45_49,314
509,Ald50_54,375
509,Ald55_59,309
509,Ald60_64,345
509,Ald65_69,406
509,Ald70_74,419
509,Ald75_79,267
509,Ald80_w,366
1880,Ald0_5,11315
1880,Ald6_9,7711
1880,Ald10_15,10411
1880,Ald16_19,6877
1880,Ald20_24,12441
1880,Ald25_29,12715
1880,Ald30_34,10556
1880,Ald35_39,9677
1880,Ald40_44,9265
1880,Ald45_49,9531
1880,Ald50_54,9533
1880,Ald55_59,8086
1880,Ald60_64,7634
1880,Ald65_69,7480
1880,Ald70_74,7746
1880,Ald75_79,5485
1880,Ald80_w,6731
1257,Ald0_5,648
1257,Ald6_9,476
1257,Ald10_15,702
1257,Ald16_19,440
1257,Ald20_24,528
1257,Ald25_29,590
1257,Ald30_34,545
1257,Ald35_39,570
1257,Ald40_44,568
1257,Ald45_49,583
1257,Ald50_54,714
1257,Ald55_59,696
1257,Ald60_64,658
1257,Ald65_69,642
1257,Ald70_74,679
1257,Ald75_79,522
1257,Ald80_w,604
2284,Ald0_5,3788
2284,Ald6_9,2642
2284,Ald10_15,3860
2284,Ald16_19,2423
2284,Ald20_24,2713
2284,Ald25_29,3363
2284,Ald30_34,3159
2284,Ald35_39,3050
2284,Ald40_44,3337
2284,Ald45_49,3454
2284,Ald50_54,3745
2284,Ald55_59,3341
2284,Ald60_64,3528
2284,Ald65_69,3658
2284,Ald70_74,3682
2284,Ald75_79,2691
2284,Ald80_w,3619
2380,Ald0_5,4401
2380,Ald6_9,2926
2380,Ald10_15,4272
2380,Ald16_19,2566
2380,Ald20_24,3931
2380,Ald25_29,4828
2380,Ald30_34,4168
2380,Ald35_39,3687
2380,Ald40_44,3795
2380,Ald45_49,3806
2380,Ald50_54,4158
2380,Ald55_59,3525
2380,Ald60_64,3681
2380,Ald65_69,3631
2380,Ald70_74,3822
2380,Ald75_79,2625
2380,Ald80_w,3352
117,Ald0_5,3269
117,Ald6_9,2521
117,Ald10_15,3935
117,Ald16_19,2250
117,Ald20_24,2208
117,Ald25_29,2199
117,Ald30_34,2475
117,Ald35_39,2641
117,Ald40_44,3189
117,Ald45_49,3666
117,Ald50_54,3474
117,Ald55_59,2586
117,Ald60_64,2131
117,Ald65_69,2127
117,Ald70_74,2552
117,Ald75_79,1767
117,Ald80_w,1775
382,Ald0_5,1439
382,Ald6_9,951
382,Ald10_15,1394
382,Ald16_19,857
382,Ald20_24,1084
382,Ald25_29,1281
382,Ald30_34,1203
382,Ald35_39,1042
382,Ald40_44,1127
382,Ald45_49,1274
382,Ald50_54,1491
382,Ald55_59,1445
382,Ald60_64,1533
382,Ald65_69,1607
382,Ald70_74,1686
382,Ald75_79,1154
382,Ald80_w,1462
1256,Ald0_5,1093
1256,Ald6_9,792
1256,Ald10_15,1167
1256,Ald16_19,723
1256,Ald20_24,731
1256,Ald25_29,940
1256,Ald30_34,843
1256,Ald35_39,778
1256,Ald40_44,827
1256,Ald45_49,967
1256,Ald50_54,1031
1256,Ald55_59,891
1256,Ald60_64,844
1256,Ald65_69,879
1256,Ald70_74,908
1256,Ald75_79,647
1256,Ald80_w,840
2513,Ald0_5,161
2513,Ald6_9,92
2513,Ald10_15,160
2513,Ald16_19,136
2513,Ald20_24,144
2513,Ald25_29,186
2513,Ald30_34,163
2513,Ald35_39,128
2513,Ald40_44,117
2513,Ald45_49,168
2513,Ald50_54,197
2513,Ald55_59,262
2513,Ald60_64,277
2513,Ald65_69,262
2513,Ald70_74,302
2513,Ald75_79,237
2513,Ald80_w,309
2518,Ald0_5,185
2518,Ald6_9,149
2518,Ald10_15,251
2518,Ald16_19,221
2518,Ald20_24,215
2518,Ald25_29,198
2518,Ald30_34,164
2518,Ald35_39,152
2518,Ald40_44,185
2518,Ald45_49,219
2518,Ald50_54,275
2518,Ald55_59,311
2518,Ald60_64,408
2518,Ald65_69,432
2518,Ald70_74,381
2518,Ald75_79,292
2518,Ald80_w,371
